rut;usuario;correo;nombre;profesor;i1;f1;t1;r1;p1;s1;l1;i2;f2;t2;r2;p2;s2;l2;i3;f3;t3;r3;p3;s3;l3;i4;f4;t4;r4;p4;s4;l4;i5;f5;t5;r5;p5;s5;l5;i6;f6;t6;r6;p6;s6;l6;op1;op2;op3;op4;op5;op6;sv1;sv2;sv3;sv4;sv5;sv6;lt;tt;pt;game_score;score;score_a;score_p;score_d;score_s;programa;sol1;sol2;sol3;sol4;tarea1;tarea2;controles;np;examen;final;estado
5;*;*;*;*;275.2502417;447.08369;171.8334483;3;17;[0 0 3 3 3 2 2 2 ] [1 2 2 0 2 2 2 ];15;447.100356;566.217146;119.11679;2;10;[2 3 3 3 3 ] [1 1 1 1 2 ];10;566.233812;816.4174443;250.1836323;3;20;[3 0 0 0 0 0 2 3 ] [3 0 0 2 2 2 2 0 ];16;816.4341103;893.0509693;76.616859;2;5;[2 2 2 2 0 0 ] [3 3 3 3 ];10;893.0676353;954.2676923;61.200057;3;4;[1 2 2 2 ] [3 3 3 3 ];8;954.2843583;1012.901147;58.6167887;2;5;[2 2 0 0 ] [1 1 1 1 3 3 ];10;0;1;1;1;1;1;1;1;1;1;1;1;69;737.5675753;61;18.10999014;9;6;4;3;3;INGENIERIA EN COMPUTACION E INFORMATICA;1;1;1;1;1;1;1;1;1;1;R
7;*;*;*;*;41.37336233;103.2582503;61.88488797;1;7;[3 3 3 0 0 3 3 ] [];7;103.2749003;157.9342383;54.659338;1;12;[2 3 3 3 3 3 3 2 ] [1 1 1 1 ];12;157.9507373;241.5295163;83.578779;1;14;[3 0 0 0 0 0 2 3 ] [3 0 0 2 2 2 2 0 ];16;241.5461623;336.1300763;94.583914;2;15;[2 2 2 2 0 0 2 2 ] [3 3 ];10;336.1467033;396.4501123;60.303409;1;13;[1 2 2 1 1 1 ] [1 1 3 3 3 3 3 ];13;396.4667903;495.4792313;99.012441;3;20;[2 2 0 0 2 2 0 ] [1 1 3 2 1 ];12;1;0;1;1;0;0;1;1;1;1;1;1;70;454.022769;81;16.75901211;5;4;2;2;1;INGENIERIA CIVIL INDUSTRIAL;1;1;1;1;1;1;1;1;1;1;R
16;*;*;*;*;570.704977;707.0263703;136.3213933;1;7;[] [2 2 2 2 2 1 1 ];7;707.0429973;780.3828163;73.339819;1;7;[2 3 3 3 3 3 ] [1 1 1 1 ];10;780.3994753;872.4406477;92.0411724;1;21;[3 3 3 3 3 3 3 3 3 0 0 0 0 0 0 0 2 2 2 2 1 1 1 3 1 1 2 ] [];27;872.4572637;955.8221637;83.3649;3;20;[2 2 2 2 2 2 2 0 0 2 ] [];10;955.8389447;1003.433373;47.5944283;1;6;[1 2 2 2 2 2 2 2 2 ] [2 ];10;1003.449722;1044.266228;40.816506;1;5;[0 0 0 0 2 2 2 2 ] [1 1 ];10;1;1;0;1;0;1;1;1;0;1;1;1;74;473.478219;66;16.66499032;8;5;4;2;2;INGENIERIA INDUSTRIAL;1;1;1;1;1;1;1;1;1;1;R
44;*;*;*;*;25.28067;50.940106;25.659436;1;7;[3 3 3 0 0 3 3 ] [];7;50.948447;163.254835;112.306388;1;50;[3 3 1 0 3 2 2 2 1 1 1 3 3 2 2 2 3 3 3 3 3 0 0 0 0 ] [];25;163.263131;217.385047;54.121916;1;25;[3 3 3 3 3 3 3 3 0 0 0 0 0 0 0 2 2 2 2 2 1 1 3 3 1 1 2 2 ] [];28;217.393529;254.447946;37.054417;1;10;[2 2 2 2 0 0 2 2 2 2 ] [];10;254.456361;273.700932;19.244571;1;8;[1 1 1 1 2 2 2 2 2 2 2 2 0 0 ] [];14;273.709273;307.00162;33.292347;1;7;[2 2 0 0 2 2 0 0 0 0 0 ] [];11;1;0;0;1;0;0;1;0;0;1;1;1;95;281.679075;107;20.67278156;9;6;4;3;3;INGENIERIA CIVIL INDUSTRIAL;1;1;1;1;1;1;1;1;1;1;R
103;*;*;*;*;85.44422333;223.1484353;137.704212;1;3;[3 3 0 ] [1 2 2 2 ];7;223.1650523;351.8727013;128.707649;2;5;[2 3 3 3 3 3 ] [1 1 1 1 ];10;351.8893483;466.3041063;114.414758;1;8;[3 0 0 0 0 0 2 3 ] [3 0 0 2 2 2 2 0 ];16;466.3207993;847.8643483;381.543549;4;15;[2 2 0 0 2 2 ] [3 3 3 3 ];10;847.8810643;920.6980163;72.816952;1;4;[1 2 2 2 ] [3 3 3 3 ];8;920.7147063;1008.808032;88.0933257;3;8;[2 2 0 0 2 2 ] [1 1 1 1 ];10;1;1;1;1;1;1;1;1;1;1;1;1;61;923.2804457;43;17.52419564;6;4;3;2;3;INGENIERIA EN COMPUTACION E INFORMATICA;1;1;1;1;1;1;1;1;1;1;R
122;*;*;*;*;63.448413;104.9638673;41.5154543;1;1;[3 3 3 0 ] [2 2 1 ];7;104.9804933;183.3116673;78.331174;2;5;[2 3 3 3 3 3 ] [1 1 1 1 ];10;183.3283063;253.9763937;70.6480874;1;14;[3 0 0 0 0 0 2 3 1 3 3 ] [3 0 0 2 2 1 ];17;253.9930687;283.792371;29.7993023;1;2;[2 2 2 2 2 2 2 ] [3 1 1 ];10;283.808876;318.757914;34.949038;1;4;[1 1 1 2 2 2 2 2 2 2 ] [1 1 ];12;318.774574;363.323368;44.548794;1;7;[2 2 0 0 2 2 0 0 ] [1 1 ];10;1;1;0;1;0;1;1;1;0;1;1;1;66;299.79185;33;11.69242368;8;4;4;3;3;INGENIERIA EN COMPUTACION E INFORMATICA;1;1;1;1;1;1;1;1;1;1;R
212;*;*;*;*;12.803729;37.38279833;24.57906933;1;2;[3 3 3 0 0 3 3 ] [];7;37.39935133;144.357121;106.9577697;4;9;[2 3 3 3 3 3 3 2 ] [1 1 1 1 1 0 ];14;144.373742;230.7992713;86.4255293;1;11;[3 3 3 3 3 3 3 3 3 0 0 0 0 ] [3 0 0 2 0 0 3 3 3 3 3 3 3 3 1 1 ];29;230.8326047;292.436322;61.6037173;2;6;[2 2 0 0 2 2 2 2 1 1 2 2 ] [];12;292.452923;347.5583737;55.1054507;1;9;[1 2 2 2 3 1 1 1 2 2 2 2 2 2 2 0 0 ] [];17;347.591707;458.9958813;111.4041743;3;28;[2 2 0 0 0 0 2 2 2 2 3 3 1 1 ] [1 1 1 1 1 1 ];20;1;0;0;0;0;0;1;1;0;1;0;0;99;446.0757106;65;20.32284487;5;2;2;2;3;INGENIERIA CIVIL INFORMATICA;1;1;1;1;1.4;1;1.6;1.12;1;1.1;R
12;*;*;*;*;24.03915333;296.9278533;272.8887;14;27;[3 3 3 3 3 ] [2 1 1 ];8;296.9445133;378.5327733;81.58826;1;6;[2 3 ] [1 1 1 1 2 2 2 2 ];10;378.5494333;638.6903533;260.14092;3;26;[3 0 0 0 0 0 2 3 ] [3 0 0 2 2 2 2 0 ];16;638.7069933;936.9487733;298.24178;5;16;[2 2 2 2 0 0 ] [3 3 3 3 ];10;936.9654133;979.6830533;42.71764;1;3;[1 2 2 ] [3 3 3 3 3 ];8;979.6996933;1258.180033;278.4803397;4;10;[2 2 3 3 0 0 0 ] [3 3 1 1 3 3 1 ];14;0;1;1;1;1;0;1;1;1;1;1;1;66;1234.05764;88;24.07674442;7;4;4;1;1;INGENIERIA CIVIL INDUSTRIAL;5.2;1;1;1;1;1;1;1.52;1;1.4;R
274;*;*;*;*;48.00004967;122.1332917;74.13324203;1;1;[3 0 0 3 ] [2 2 2 ];7;122.1499577;312.8189287;190.668971;3;9;[2 3 3 3 3 3 ] [1 1 1 1 ];10;312.8355947;392.885628;80.0500333;1;10;[0 3 0 0 0 0 2 3 ] [3 0 0 2 2 2 2 0 ];16;392.902294;476.418907;83.516613;2;6;[2 2 0 0 2 2 ] [3 3 3 3 ];10;476.435573;519.002651;42.567078;1;4;[1 2 2 2 3 2 ] [3 3 3 3 ];10;519.019317;738.736177;219.71686;5;22;[2 2 0 0 2 2 0 ] [1 1 3 2 1 ];12;1;1;1;1;0;0;1;1;1;1;1;1;65;690.6527973;52;16.4685076;8;4;5;2;3;INGENIERIA EN COMPUTACION E INFORMATICA;3.6;2.2;1;2.3;1;1;1;1.63;1;1.4;R
439;*;*;*;*;48.12205333;69.54746667;21.42541334;1;1;[3 3 3 3 0 0 3 ] [];7;69.56406667;144.3085267;74.74446003;2;8;[2 3 3 3 3 3 0 ] [1 1 1 ];10;144.3418467;222.41276;78.0709133;1;10;[0 3 0 0 0 0 2 0 3 1 1 3 3 3 ] [3 0 0 2 ];18;222.4291;363.2363067;140.8072067;2;15;[2 2 2 2 0 0 2 2 2 2 ] [];10;363.2576867;395.5236067;32.26592;1;4;[1 2 2 2 2 2 2 2 ] [];8;395.55694;428.1573;32.60036;1;8;[2 2 0 1 0 0 2 2 0 0 0 0 ] [];12;1;1;0;1;1;0;1;1;0;1;1;1;65;379.9142734;46;13.10270026;7;5;2;2;3;INGENIERIA INDUSTRIAL;5;1;1;1;1;1;1;1.5;1;1.4;R
148;*;*;*;*;78.90935267;204.504613;125.5952603;1;26;[3 3 2 0 3 3 0 3 ] [2 ];9;204.52147;272.084169;67.562699;2;13;[2 3 3 3 3 3 ] [1 1 1 1 ];10;272.100816;464.3426023;192.2417863;3;50;[3 0 0 0 0 0 2 3 0 ] [3 0 0 2 2 2 2 0 ];17;464.3592863;510.6119183;46.252632;1;8;[2 2 2 2 0 0 1 ] [1 1 3 3 3 3 0 ];14;510.6287093;647.5039833;136.875274;4;12;[1 2 2 2 2 2 ] [3 3 ];8;647.5205003;692.2404393;44.719939;1;8;[2 2 0 0 2 2 0 ] [1 1 1 ];10;0;1;0;0;1;1;1;1;0;1;1;1;68;613.2475906;117;20.18245788;6;2;4;2;1;INGENIERIA INDUSTRIAL;4.6;1;1;2.2;1;1;1.6;1.66;1;1.5;R
260;*;*;*;*;13.36843467;37.25762467;23.88919;1;2;[3 3 3 3 3 0 0 3 ] [];8;37.27350767;76.38518167;39.111674;1;5;[2 3 3 3 3 3 0 0 ] [0 0 1 1 ];12;76.40113267;142.483033;66.08190033;1;8;[3 0 0 0 0 0 2 3 ] [3 0 0 2 2 2 2 0 ];16;142.499064;224.4220353;81.9229713;2;5;[2 2 0 0 2 2 1 ] [1 1 3 3 3 3 0 ];14;224.4380013;261.5020273;37.064026;1;4;[1 2 2 1 1 ] [1 1 3 3 3 3 3 ];12;261.5179023;317.8202693;56.302367;1;8;[2 2 0 0 2 2 0 ] [1 1 3 2 1 ];12;0;0;1;0;0;0;1;1;1;1;1;1;74;304.3721286;32;12.95007007;7;3;4;2;3;INGENIERIA CIVIL INFORMATICA;3.6;1.9;1;1.9;1;1;1.6;1.61;1.4;1.5;R
131;*;*;*;*;61.17310133;113.9896913;52.81658997;1;1;[3 3 3 0 3 3 0 ] [];7;114.0064723;246.3733303;132.366858;3;28;[2 3 3 3 3 3 0 0 ] [1 1 ];10;246.3899743;324.4912057;78.1012314;1;11;[3 0 0 0 0 0 2 3 1 ] [3 0 0 2 2 2 2 ];16;324.5078457;367.9864247;43.478579;1;9;[2 2 0 0 2 2 ] [3 3 3 3 ];10;368.0029417;407.1203007;39.117359;1;6;[1 2 2 1 0 ] [3 3 3 3 3 ];10;407.1368037;450.9149487;43.778145;1;5;[2 2 0 0 2 2 0 ] [1 1 1 3 3 3 ];13;1;1;1;1;0;0;1;1;1;1;1;1;66;389.6587624;60;14.21388912;9;5;4;3;2;INGENIERIA EN COMPUTACION E INFORMATICA;4.4;1;1;4.4;1;1;1;1.85;1;1.6;R
356;*;*;*;*;53.38038667;136.5754047;83.19501803;1;10;[1 2 3 0 0 3 3 ] [0 3 1 2 2 2 ];13;136.5922267;189.5556;52.9633733;1;6;[2 3 3 3 3 ] [1 1 1 1 2 ];10;189.572261;262.8847093;73.3124483;1;11;[0 3 0 0 0 0 2 3 ] [3 0 0 2 2 2 2 0 ];16;262.9015243;307.1987667;44.2972424;1;5;[2 2 0 0 2 2 ] [3 3 3 3 ];10;307.2154147;371.011614;63.7961993;2;7;[1 2 2 ] [3 3 3 3 3 ];8;371.028445;418.609017;47.580572;1;6;[2 2 0 0 ] [1 1 1 1 3 3 ];10;0;1;1;1;1;1;1;1;1;1;1;1;67;365.1448533;45;13.21760551;5;3;3;1;2;INGENIERIA EN COMPUTACION E INFORMATICA;4;2;2.5;2.8;1;1;1;1.91;1;1.6;R
446;*;*;*;*;63.96123933;171.5177177;107.5564784;2;4;[3 3 3 3 3 3 0 0 ] [2 2 3 ];11;171.5343837;296.6916393;125.1572556;4;10;[2 3 3 3 3 3 ] [1 1 1 1 ];10;296.7082723;510.356962;213.6486897;2;20;[3 0 0 0 0 0 2 3 1 3 3 3 ] [3 0 0 2 ];16;510.373724;568.0965153;57.7227913;2;18;[2 2 2 2 0 0 2 2 ] [3 3 ];10;568.1131993;613.8412263;45.728027;2;4;[1 2 2 2 2 2 ] [3 3 ];8;613.8576903;653.1391877;39.2814974;1;5;[2 2 0 0 2 2 ] [1 1 1 1 ];10;0;1;1;1;1;1;1;1;1;1;1;1;65;589.0947394;61;16.04008362;4;3;1;3;3;INGENIERIA EN COMPUTACION E INFORMATICA;4.2;1;1;4.2;1;1;1;1.8;1;1.6;R
196;*;*;*;*;166.8274963;235.2885357;68.4610394;2;9;[3 0 0 3 ] [2 2 2 ];7;235.3050797;281.2228247;45.917745;1;6;[2 3 3 3 3 3 ] [1 1 1 1 ];10;281.2406817;420.0584457;138.817764;1;13;[3 0 0 0 0 0 2 3 1 1 0 3 3 3 3 1 1 ] [3 ];18;420.0751067;529.1882133;109.1131066;2;7;[2 2 0 0 2 2 2 2 2 ] [3 ];10;529.2042503;578.1707033;48.966453;1;4;[1 2 2 1 1 1 ] [1 1 3 3 3 3 3 ];13;578.1873683;749.527971;171.3406027;2;13;[2 2 0 0 1 1 0 0 0 0 2 ] [1 1 3 3 2 ];16;1;1;0;1;0;0;1;1;0;1;1;0;74;582.6167107;52;16.86018709;5;4;2;1;2;INGENIERIA CIVIL INFORMATICA;4.6;4.7;1;3.4;1;1;1.9;2.3;1;1.9;R
278;*;*;*;*;142.1109187;230.457629;88.3467103;1;5;[0 0 3 0 1 ] [2 2 2 2 ];9;230.474276;380.877083;150.402807;1;7;[3 3 3 3 3 2 3 2 2 2 2 2 3 2 3 3 3 3 0 0 0 0 ] [3 3 0 0 2 2 ];28;380.893696;720.378179;339.484483;2;10;[3 3 3 3 3 3 3 3 3 0 0 0 0 0 0 ] [3 0 0 2 0 0 3 3 3 3 ];25;720.394541;837.713284;117.318743;2;5;[2 2 2 2 2 2 2 2 0 0 2 ] [];11;837.729665;933.236152;95.506487;1;4;[1 2 2 1 1 0 0 ] [1 1 3 3 3 3 3 3 2 0 0 ];18;933.252817;1118.259328;185.006511;2;6;[2 2 0 0 2 2 2 ] [2 2 2 2 1 1 1 1 3 3 3 ];18;0;0;0;0;0;0;1;0;0;1;0;0;109;976.0657413;37;25.31421649;5;4;3;0;0;INGENIERIA CIVIL INFORMATICA;1;6.1;1;2.7;1.3;1;1.6;1.95;1.9;1.9;R
323;*;*;*;*;121.8784633;191.0423647;69.1639014;1;1;[2 3 3 3 0 ] [2 2 2 1 ];9;191.0590307;229.5241627;38.465132;1;7;[2 3 3 3 3 3 ] [1 1 1 1 ];10;229.5408287;282.6553733;53.1145446;1;12;[3 0 0 0 0 0 2 3 ] [3 0 0 2 2 2 2 0 ];16;282.6720393;321.2204973;38.548458;1;3;[2 2 0 0 2 2 ] [3 3 3 3 ];10;321.2371633;349.6693593;28.432196;1;2;[1 2 2 2 ] [3 3 3 3 ];8;349.6860253;410.638116;60.9520907;2;9;[2 2 0 0 2 ] [1 1 1 1 3 ];10;0;1;1;1;1;1;1;1;1;1;1;1;63;288.6763227;34;11.16842614;7;3;4;2;1;INGENIERIA EN COMPUTACION E INFORMATICA;4.2;1;2.9;2.7;1;1;1.6;1.91;2;1.9;R
51;*;*;*;*;37.28498867;167.64094;130.3559513;1;14;[2 3 3 3 3 0 2 2 ] [2 2 2 2 1 ];13;167.657612;229.260449;61.602837;1;4;[2 3 3 3 3 3 3 ] [1 1 1 1 3 ];12;229.276898;594.8094707;365.5325727;2;13;[3 0 0 0 0 0 2 3 1 3 3 3 3 1 1 2 ] [];16;594.8261127;639.428048;44.6019353;1;5;[2 2 0 0 2 2 2 2 2 2 ] [];10;639.461379;671.3461137;31.8847347;1;5;[1 2 2 2 2 2 2 2 ] [];8;671.3628507;714.1981127;42.835262;1;6;[2 2 3 3 0 0 2 2 2 2 0 0 0 0 ] [];14;0;0;1;1;1;0;1;1;1;1;1;1;73;676.813293;47;17.30333661;8;5;3;3;3;INGENIERIA INDUSTRIAL;4.6;2.1;1;2.6;4.1;1;2.1;2.36;1;2;R
166;*;*;*;*;80.94270967;166.424172;85.48146233;1;8;[0 0 3 3 3 3 1 0 ] [2 ];9;166.440798;239.8019173;73.3611193;1;16;[3 3 3 2 2 2 3 3 3 3 0 0 0 0 ] [];14;239.8185433;398.0449563;158.226413;2;52;[3 0 0 0 0 0 2 3 1 1 1 1 1 3 3 3 3 3 3 3 0 0 0 0 0 0 2 2 2 2 1 1 2 3 3 1 1 2 ] [];38;398.0615823;464.9874363;66.925854;2;25;[2 2 2 2 0 0 2 2 2 2 ] [];10;465.0040623;513.1739393;48.169877;1;3;[1 2 2 2 2 2 2 2 ] [];8;513.1905653;544.0677073;30.877142;1;5;[2 2 0 0 2 2 0 0 0 0 ] [];10;0;0;0;1;1;1;1;1;0;1;1;1;89;463.0418676;109;21.5891657;3;2;2;0;0;INGENIERIA EN COMPUTACION E INFORMATICA;4.3;1;1;2.1;6.9;1;1;2.43;1;2;R
81;*;*;*;*;19.26415967;418.6551227;399.390963;5;28;[3 3 0 ] [2 2 1 2 ];7;418.6720177;473.8612567;55.189239;1;2;[2 3 3 3 3 3 ] [1 1 1 1 ];10;473.8779047;590.722249;116.8443443;1;5;[0 3 0 0 0 0 2 3 ] [3 0 0 2 2 2 2 0 ];16;590.739129;653.110467;62.371338;1;3;[2 2 0 0 0 2 2 ] [3 3 3 3 ];11;653.127166;707.88341;54.756244;1;3;[1 2 2 3 ] [3 3 3 3 3 3 ];10;707.899995;779.186192;71.286197;2;6;[2 2 0 0 ] [1 1 1 1 3 3 ];10;1;1;1;0;0;1;1;1;1;1;1;1;64;759.8383253;47;16.67033748;8;5;3;3;3;INGENIERIA INDUSTRIAL;5;5.3;1;3.8;1;1;3;2.58;1;2.1;R
266;*;*;*;*;24.407255;223.0410577;198.6338027;3;5;[3 3 3 0 ] [2 2 1 ];7;223.0743727;339.8136187;116.739246;2;6;[2 3 3 3 3 3 3 0 ] [1 1 1 1 3 ];13;339.8296927;611.646005;271.8163123;2;16;[3 0 0 0 0 0 2 1 1 1 1 1 3 1 1 1 1 1 3 3 3 3 1 3 3 3 0 ] [3 0 0 0 2 0 0 3 3 3 3 1 1 1 1 1 ];43;611.661835;749.7419463;138.0801113;1;3;[2 2 0 0 0 2 2 2 1 1 2 2 0 ] [1 1 3 3 2 0 ];19;749.7592553;844.7194663;94.960211;1;4;[1 2 2 1 1 3 ] [1 1 1 3 3 3 3 3 3 0 0 ];17;844.7353943;916.474648;71.7392537;1;3;[2 2 0 0 2 2 0 0 3 ] [1 1 3 ];12;1;0;0;0;0;0;1;1;0;0;0;1;111;891.968937;37;24.82148856;7;5;2;3;3;INGENIERIA EN COMPUTACION E INFORMATICA;2.8;1;1;1.6;7;1;1;2.2;1.7;2.1;R
381;*;*;*;*;75.30093667;189.5678613;114.2669246;4;8;[3 3 3 3 3 3 ] [1 1 ];8;189.5844883;504.5088227;314.9243344;9;17;[2 ] [1 1 1 1 2 2 2 2 2 ];10;504.5254237;591.649238;87.1238143;1;3;[0 3 0 0 0 0 2 3 ] [3 0 0 2 2 2 2 2 0 ];17;591.665912;655.710018;64.044106;1;3;[2 2 0 0 2 2 3 ] [3 3 3 3 3 ];12;655.726645;745.64874;89.922095;1;8;[1 2 2 1 1 ] [1 1 3 3 3 3 3 0 1 ];14;745.665436;790.676162;45.010726;1;2;[0 0 0 0 ] [1 1 3 3 3 3 3 ];11;0;1;0;0;0;0;1;1;0;1;1;1;72;715.2920003;41;17.14761769;4;3;3;0;1;INGENIERIA EN COMPUTACION E INFORMATICA;2;2.4;2.1;2.1;1;1;6.7;2.14;2.1;2.1;R
134;*;*;*;*;33.14937767;70.04878971;36.89941204;1;1;[3 3 3 0 0 3 3 ] [];7;70.06545551;168.4253888;98.35993329;1;5;[2 3 3 3 3 3 2 2 2 2 3 3 3 3 ] [1 1 1 1 ];18;168.4587204;285.1182668;116.6595464;1;3;[3 0 0 0 0 0 2 ] [3 0 0 2 2 2 2 0 1 2 2 0 2 ];20;285.1516001;354.683179;69.5315789;1;2;[2 2 2 2 2 2 2 ] [1 1 3 1 ];11;354.7165105;473.0277579;118.3112474;3;3;[1 2 2 1 1 ] [1 1 3 3 3 3 3 ];12;473.0444011;566.5393878;93.4949867;1;3;[2 2 0 0 3 3 ] [1 1 1 1 3 3 3 3 ];14;1;0;0;0;0;0;1;0;0;1;1;1;82;533.2567047;17;15.51409277;7;4;4;2;2;INGENIERIA EN COMPUTACION E INFORMATICA;4.6;1;3.8;3.1;6.5;1;1;2.88;1;2.3;R
105;*;*;*;*;95.42202533;146.6659363;51.24391097;1;5;[3 0 3 3 3 0 ] [2 ];7;146.6992683;205.1752947;58.4760264;2;4;[2 3 3 3 3 3 0 ] [1 1 1 ];10;205.1919897;287.5323383;82.3403486;1;6;[0 3 0 0 0 0 2 3 0 ] [3 0 0 2 2 2 2 0 ];17;287.5489183;335.4099247;47.8610064;1;4;[2 2 2 2 2 2 2 ] [3 1 1 ];10;335.4266697;397.8192787;62.392609;1;4;[1 2 2 1 ] [3 3 3 3 3 1 ];10;397.8359657;523.737738;125.9017723;1;8;[2 2 0 0 2 2 0 ] [1 1 3 2 2 1 1 3 1 ];16;1;1;0;1;0;0;1;1;0;1;1;0;70;428.2156737;31;13.44634005;8;5;4;2;2;INGENIERIA EN COMPUTACION E INFORMATICA;4.6;5.9;3.5;4.7;1;1;7;3.43;5.3;4;A
173;*;*;*;*;42.996756;227.8322787;184.8355227;5;11;[3 0 ] [2 2 1 2 2 ];7;227.8489687;276.7784747;48.929506;1;5;[2 3 3 3 3 3 ] [1 1 1 1 ];10;276.7950827;584.5374797;307.742397;4;23;[3 3 3 3 3 3 3 3 0 0 3 0 2 2 0 0 3 ] [3 3 0 0 2 0 0 3 2 3 3 3 3 3 1 1 1 0 ];35;584.5540857;712.0774147;127.523329;3;9;[2 2 2 2 0 0 0 1 2 2 2 2 ] [0 2 0 0 ];16;712.0941237;802.4537077;90.359584;2;4;[1 2 2 2 2 2 2 2 2 ] [2 2 2 ];12;802.4703327;904.9122797;102.441947;2;9;[2 2 3 3 0 0 2 2 2 2 2 2 3 3 0 0 0 0 0 ] [2 2 3 3 ];23;1;1;0;0;0;0;1;1;0;0;1;0;103;861.8322857;61;24.72655004;6;3;3;2;2;INGENIERIA INDUSTRIAL;3.6;4;4.6;4.6;5.8;4.9;1;4.29;3.4;4;A
200;*;*;*;*;8.783323667;37.755349;28.97202533;1;1;[3 3 3 0 ] [2 2 1 ];7;37.776867;130.983063;93.206196;2;4;[2 3 3 3 3 3 0 ] [3 1 1 1 1 2 1 ];14;131.004525;287.9251383;156.9206133;2;17;[0 3 0 0 0 0 2 3 1 3 3 1 1 1 1 ] [3 0 0 2 2 ];20;287.9368573;344.4444297;56.5075724;1;9;[2 2 2 2 0 0 2 2 2 ] [3 ];10;344.4561567;381.5434597;37.087303;1;4;[1 2 2 1 1 ] [1 1 3 3 3 3 3 ];12;381.5604187;452.2164727;70.656054;1;3;[2 2 3 3 0 0 ] [1 1 1 1 3 3 3 3 ];14;1;0;0;1;0;0;1;1;0;1;1;1;77;443.349764;38;15.13666172;3;2;0;2;3;INGENIERIA CIVIL INDUSTRIAL;3;6.2;5.9;5;1;1;7;3.61;4.8;4;A
251;*;*;*;*;38.512037;64.852961;26.340924;1;8;[3 3 3 0 ] [2 2 1 ];7;64.869611;110.2864603;45.4168493;1;10;[2 3 3 3 3 3 ] [1 1 1 1 1 0 ];12;110.3031053;207.3856143;97.082509;1;22;[3 0 0 0 0 0 2 0 3 1 1 1 0 ] [3 0 0 0 2 2 2 2 2 2 ];23;207.4022893;248.3709363;40.968647;1;15;[1 2 2 0 0 2 2 2 2 2 1 1 ] [3 1 1 3 2 ];17;248.3875863;275.9276353;27.540049;1;15;[2 3 0 1 1 2 2 3 2 1 1 1 2 2 2 2 2 0 0 ] [];19;275.9443243;334.0736707;58.1293464;1;15;[2 0 1 3 2 2 0 0 0 0 2 2 0 0 ] [2 1 3 1 1 0 0 ];21;1;0;0;0;0;0;1;1;0;0;0;0;99;295.4783247;85;20.09527176;4;2;1;2;2;INGENIERIA CIVIL INDUSTRIAL;5.5;4.7;6.2;5.5;1;2.2;7;4.13;3.6;4;A
336;*;*;*;*;16.63647333;205.0382467;188.4017734;8;11;[3 0 0 ] [2 2 2 2 ];7;205.0549267;260.93204;55.8771133;1;2;[2 2 3 3 3 3 3 3 0 ] [1 1 1 ];12;260.94872;370.61912;109.6704;1;4;[0 3 0 0 0 0 2 3 1 1 0 3 3 3 ] [3 0 0 0 2 ];19;370.63582;416.9444133;46.3085933;1;2;[2 2 2 2 2 2 2 ] [3 1 1 ];10;416.9611133;540.8341533;123.87304;2;10;[1 1 1 1 2 2 0 0 1 1 0 2 2 1 ] [1 1 3 3 3 3 3 3 2 0 ];24;540.8508333;706.51936;165.6685267;6;25;[2 2 0 0 2 2 0 0 ] [1 1 ];10;1;0;0;1;0;1;1;1;0;1;0;1;82;689.7994467;54;19.29161561;8;5;4;3;2;INGENIERIA CIVIL INDUSTRIAL;6.6;5.4;2.8;4.9;1;1;7;3.56;5.1;4;A
400;*;*;*;*;91.83319333;124.6996747;32.86648137;1;7;[3 3 3 3 0 3 0 ] [];7;124.7163727;152.5496557;27.833283;1;5;[2 3 3 3 3 3 0 0 ] [1 1 ];10;152.5663937;215.9995627;63.433169;1;5;[0 3 0 0 0 0 2 3 1 ] [3 0 0 0 2 2 2 2 ];17;216.0161647;317.7325837;101.716419;1;18;[3 3 3 3 3 ] [1 1 3 3 3 3 0 0 3 3 1 0 1 1 3 3 ];21;317.7493627;378.9825327;61.23317;1;3;[1 2 2 1 1 0 0 1 1 2 2 2 2 2 ] [1 1 ];16;378.9992477;485.9655717;106.966324;2;19;[0 2 2 1 2 2 0 0 2 2 0 0 0 0 ] [];14;1;1;0;0;0;0;1;1;0;0;0;1;85;394.0488464;57;17.09990305;6;4;3;2;2;INGENIERIA CIVIL INDUSTRIAL;5.3;4.2;6.5;5.3;1;1;7;3.76;4.6;4;A
403;*;*;*;*;42.67705833;81.54917933;38.872121;1;9;[3 3 1 3 0 0 3 3 ] [];8;81.56583633;102.3365073;20.77067097;1;11;[2 3 3 3 3 3 ] [1 1 1 1 ];10;102.3531943;210.1271217;107.7739274;2;17;[0 3 0 0 0 0 0 0 2 3 1 3 ] [3 0 0 2 2 2 ];18;210.1438047;245.5292047;35.3854;1;3;[2 2 0 0 2 2 2 ] [3 3 3 ];10;245.5458407;298.6820987;53.136258;1;4;[1 2 2 2 3 2 2 2 ] [3 3 ];10;298.6987787;334.9516017;36.252823;1;16;[2 2 0 0 0 0 2 2 ] [1 1 ];10;0;1;0;1;0;1;1;1;0;1;1;1;66;292.1912004;60;13.27347144;6;4;3;2;2;INGENIERIA CIVIL INFORMATICA;2.2;5.4;6.5;6;6.3;1;5;4.2;3.6;4;A
434;*;*;*;*;53.797506;101.5325957;47.7350897;2;2;[3 3 3 0 ] [2 2 1 ];7;101.5492467;208.6936957;107.144449;3;5;[2 3 3 3 3 ] [1 1 1 1 2 ];10;208.7113137;273.4993793;64.7880656;1;3;[3 0 0 0 0 0 2 3 ] [3 0 0 2 2 2 0 2 ];16;273.5166733;305.4846707;31.9679974;1;2;[2 2 0 0 2 2 ] [3 3 3 3 ];10;305.5013287;340.335798;34.8344693;1;2;[1 2 2 2 ] [3 3 3 3 ];8;340.35369;397.633023;57.279333;2;4;[2 2 0 0 2 ] [1 1 1 1 3 ];10;1;1;1;1;1;1;1;1;1;1;1;1;61;343.749404;18;10.40074314;9;6;3;3;3;INGENIERIA CIVIL INFORMATICA;6.6;5.1;6.2;6;1;1;3.1;3.69;4.6;4;A
459;*;*;*;*;19.59709633;78.239861;58.64276467;1;12;[3 ] [2 2 2 2 2 1 1 3 ];9;78.256497;144.8862787;66.6297817;1;12;[2 3 3 3 3 3 3 ] [1 1 1 1 3 ];12;144.9029537;602.7611247;457.858171;4;71;[0 3 0 0 0 0 2 3 1 1 1 1 1 3 1 3 3 3 3 3 3 0 0 0 0 0 0 2 2 2 2 1 1 3 1 1 ] [3 ];37;602.7942587;779.125847;176.3315883;2;15;[2 2 2 2 0 0 1 1 2 2 2 0 0 ] [3 ];14;779.142473;888.546105;109.403632;1;11;[1 2 2 1 1 2 2 2 2 2 2 3 ] [1 1 3 ];15;888.562764;979.721237;91.158473;1;14;[2 2 0 0 2 2 0 0 ] [2 2 1 1 3 3 ];14;0;0;0;0;0;0;1;1;0;1;0;1;101;960.0244107;135;29.88951121;3;2;1;1;1;INGENIERIA EN COMPUTACION E INFORMATICA;3.6;2.4;5;3.7;3.5;1;2.8;2.89;6.5;4;A
265;*;*;*;*;165.1396533;324.6055133;159.46586;3;45;[3 0 3 3 0 3 ] [2 ];7;324.6124533;342.3272333;17.71478;1;14;[3 3 3 3 2 2 2 3 3 3 0 0 0 0 ] [];14;342.3341733;369.5604067;27.2262334;1;24;[3 3 3 2 2 0 0 0 0 0 2 3 1 1 0 3 3 3 3 0 1 1 1 0 2 1 0 2 1 2 ] [];30;369.5673667;396.9755467;27.40818;2;17;[2 2 2 2 0 0 2 2 2 2 ] [];10;396.9825067;418.1272467;21.14474;1;16;[1 1 0 0 1 0 1 2 2 0 1 1 1 2 2 2 2 2 0 0 ] [];20;418.1341867;452.0005667;33.86638;1;19;[2 2 0 0 0 ] [2 2 2 1 1 1 2 1 1 1 1 1 0 0 1 3 3 3 3 3 3 0 0 1 ];29;1;0;0;1;0;0;1;1;0;1;0;0;110;286.8261734;135;24.82821263;9;5;4;4;2;INGENIERIA EN COMPUTACION E INFORMATICA;4.8;5.6;4.7;2.9;1.4;1;7;3.41;5.7;4.1;A
3;*;*;*;*;67.22745867;125.0036217;57.77616303;1;2;[3 3 3 3 2 ] [1 1 2 2 ];9;125.0202667;222.6862037;97.665937;1;4;[2 3 3 3 3 2 2 2 3 3 3 3 3 3 ] [1 1 1 1 3 3 ];20;222.7028737;409.7665073;187.0636336;2;11;[0 3 3 ] [3 0 0 2 0 0 0 0 3 3 3 3 3 3 1 1 1 1 1 1 1 2 2 2 2 2 2 0 ];31;409.7831493;479.5613357;69.7781864;2;6;[2 2 2 2 2 2 2 2 0 0 0 2 ] [];12;479.5780157;523.8685947;44.290579;1;4;[1 2 2 2 2 2 2 2 ] [];8;523.8852517;602.1479457;78.262694;1;8;[2 2 3 3 0 0 0 0 0 1 2 2 2 2 2 3 0 0 ] [];18;0;0;0;0;1;0;1;0;0;1;1;0;98;534.837193;35;19.18171782;6;3;3;1;2;INGENIERIA CIVIL INDUSTRIAL;3.9;4.7;3.7;4.1;3;1;3.7;3.12;6.6;4.2;A
38;*;*;*;*;13.08964433;75.00956233;61.919918;3;5;[3 3 3 0 ] [2 2 1 ];7;75.01623533;208.3213543;133.305119;6;13;[2 3 3 3 3 3 ] [1 1 1 1 ];10;208.3284793;282.7196697;74.3911904;2;6;[3 0 0 0 0 0 2 3 ] [3 0 0 2 2 2 2 0 ];16;282.7265907;305.4637937;22.737203;1;3;[2 2 0 0 2 2 2 ] [3 3 3 ];10;305.4708337;363.9111227;58.440289;3;4;[1 2 2 2 2 2 ] [3 3 ];8;363.9181367;388.7665267;24.84839;1;2;[2 2 0 0 ] [1 1 1 1 3 3 ];10;1;1;1;1;1;1;1;1;1;1;1;1;61;375.6421094;33;11.62756207;9;6;4;2;4;INGENIERIA CIVIL INDUSTRIAL;6.2;6.2;6.4;6.3;3.9;1;7;4.67;3.2;4.2;A
226;*;*;*;*;45.33186567;146.1658093;100.8339436;3;21;[0 0 3 3 ] [2 2 2 ];7;146.1824873;180.9608483;34.778361;1;3;[2 3 3 3 3 ] [1 1 1 1 2 ];10;180.9775143;442.882414;261.9048997;3;32;[0 3 3 3 3 3 3 3 3 1 3 3 3 3 3 3 3 0 0 0 0 0 0 2 2 ] [3 0 0 2 0 0 3 3 ];33;442.899073;507.920982;65.021909;1;4;[2 2 0 0 2 2 1 ] [1 1 3 3 3 3 0 ];14;507.937595;570.4585923;62.5209973;1;3;[1 2 2 0 1 1 ] [1 1 3 3 3 3 3 0 ];14;570.4752603;669.8753717;99.4001114;2;7;[2 2 0 0 0 0 2 2 0 ] [1 ];10;1;1;0;0;0;1;1;1;0;1;1;1;88;624.460222;70;20.59760898;6;4;1;3;3;INGENIERIA EN COMPUTACION E INFORMATICA;5.3;6.2;4.7;5.4;1;1;7;3.8;5.2;4.2;A
272;*;*;*;*;40.12301167;107.234431;67.11141933;1;7;[0 3 3 3 0 0 0 3 3 ] [];9;107.251057;169.160833;61.909776;1;4;[2 3 3 3 3 3 0 0 0 0 ] [];10;169.177459;564.2151863;395.0377273;3;6;[3 0 0 0 0 0 2 3 3 1 3 3 3 ] [3 0 0 ];16;564.2318123;666.3452867;102.1134744;1;9;[1 1 3 3 2 2 0 0 2 2 2 2 2 2 ] [2 2 ];16;666.3619127;748.3693977;82.007485;1;3;[1 2 2 2 2 2 2 2 ] [];8;748.3860237;822.5108757;74.124852;2;4;[2 2 0 0 2 2 0 0 0 0 ] [];10;0;1;1;0;1;1;1;1;1;0;1;1;69;782.304734;33;16.82598128;8;4;5;2;3;INGENIERIA CIVIL INFORMATICA;5.6;6.4;6.1;6;3.1;1;2.3;3.95;4.8;4.2;A
275;*;*;*;*;25.05157667;330.3202413;305.2686646;5;13;[3 3 3 ] [2 2 1 1 ];7;330.3369073;396.607692;66.2707847;2;14;[2 3 3 3 3 ] [1 1 1 1 2 ];10;396.624366;459.561579;62.937213;1;8;[0 3 0 0 0 0 2 3 ] [3 0 0 2 2 2 2 0 ];16;459.578183;547.3502933;87.7721103;1;9;[2 2 2 2 0 0 0 1 ] [1 1 3 3 3 3 1 0 0 ];17;547.3670113;587.1860663;39.819055;1;8;[1 2 2 1 1 ] [1 1 3 1 3 3 3 3 ];13;587.2027323;630.7387953;43.536063;1;7;[2 2 0 0 0 0 2 2 ] [1 1 ];10;1;1;1;0;0;1;1;1;1;0;1;1;73;605.6038906;59;17.35155253;5;2;3;1;2;INGENIERIA EN COMPUTACION E INFORMATICA;5.6;3;4.2;4.3;4.6;1;5.5;3.62;5.6;4.2;A
354;*;*;*;*;10.17969233;90.37868633;80.198994;1;6;[0 3 3 3 1 ] [1 2 1 2 0 1 ];11;90.39547433;148.4524907;58.05701637;1;7;[2 3 3 3 3 3 0 ] [1 1 1 ];10;148.4692337;287.607102;139.1378683;1;11;[3 0 0 0 0 0 2 3 2 3 1 1 ] [3 0 0 2 0 1 2 2 2 1 ];22;287.623767;346.779553;59.155786;1;2;[2 2 0 0 2 2 3 ] [3 3 3 3 3 ];12;346.796161;481.2698323;134.4736713;3;13;[1 2 2 2 2 2 2 2 2 ] [0 2 1 ];12;481.2865123;546.725686;65.4391737;1;8;[2 2 0 0 2 2 0 0 3 ] [1 1 3 ];12;0;1;0;0;0;0;1;1;0;1;1;1;79;536.4625097;47;16.90520452;8;4;4;2;3;INGENIERIA EN COMPUTACION E INFORMATICA;6;4.9;4.6;5.2;6;1;7;4.43;3.6;4.2;A
448;*;*;*;*;19.46581467;432.0820213;412.6162066;12;9;[3 3 3 0 0 3 3 ] [];7;432.0986943;674.1209097;242.0222154;4;17;[2 3 3 3 3 3 ] [1 1 1 1 ];10;674.1376167;1189.164389;515.0267723;5;13;[3 0 0 0 0 0 2 3 ] [3 0 0 2 2 2 0 2 ];16;1189.181068;1549.114613;359.933545;4;11;[2 2 0 0 2 2 ] [3 3 3 3 ];10;1549.131313;1615.52813;66.396817;1;3;[1 2 2 2 ] [3 3 3 3 ];8;1615.544806;1734.58951;119.044704;1;7;[2 2 0 0 2 2 3 3 ] [1 1 1 1 3 3 ];14;1;1;1;1;1;0;1;1;1;1;1;1;65;1715.04026;60;26.84251757;7;5;2;3;3;INGENIERIA CIVIL INDUSTRIAL;5.8;5.2;4.8;5.3;1;1;6.1;3.64;5.4;4.2;A
180;*;*;*;*;57.65028467;91.51981867;33.869534;1;1;[3 3 3 0 ] [2 2 1 ];7;91.55312167;142.8110007;51.25787903;1;6;[2 3 3 3 3 3 0 0 ] [1 1 0 1 ];12;142.8281127;371.191706;228.3635933;6;25;[0 3 0 0 0 0 2 3 ] [3 0 0 2 2 2 2 0 ];16;371.208559;421.690795;50.482236;1;3;[2 2 0 0 2 2 ] [3 3 3 3 ];10;421.7241283;452.4254907;30.7013624;1;2;[1 2 2 2 2 2 ] [3 3 ];8;452.4421287;494.093491;41.6513623;1;4;[2 2 0 0 ] [1 1 1 1 3 3 ];10;1;0;1;1;1;1;1;1;1;1;1;1;63;436.325967;41;13.02194068;7;5;2;3;3;INGENIERIA CIVIL INDUSTRIAL;5;4.2;5.8;5;1;1;7;3.6;6;4.3;A
197;*;*;*;*;44.58986667;337.5364983;292.9466316;15;129;[2 3 3 3 3 3 2 2 2 0 0 ] [2 2 1 1 2 2 2 3 1 3 3 3 2 2 2 0 0 0 ];29;337.5531693;441.9343893;104.38122;1;32;[3 2 2 3 3 3 3 3 0 0 0 1 1 1 0 0 2 2 2 2 2 ] [1 1 2 2 2 2 2 2 ];29;441.9509403;539.0392427;97.0883024;1;30;[3 3 3 3 3 3 3 3 0 0 0 0 0 0 2 2 2 2 1 2 1 ] [0 0 0 3 0 0 2 2 2 3 2 2 ];33;539.0558957;637.359843;98.3039473;1;29;[2 2 2 2 0 0 2 0 1 2 2 2 ] [3 3 3 3 1 1 3 2 0 3 1 0 0 2 2 2 2 ];29;637.376579;858.8596283;221.4830493;2;61;[1 1 1 2 2 2 2 2 2 2 ] [1 1 3 0 2 2 2 1 1 ];19;858.8762853;2307.641202;1448.764917;18;342;[0 0 0 0 2 2 2 3 3 3 1 1 1 1 2 2 0 1 3 3 0 0 2 2 2 2 2 ] [1 1 3 2 1 1 1 1 3 2 2 ];38;0;0;0;0;0;0;0;0;0;0;0;0;177;2262.968067;623;84.47233108;7;4;2;3;3;INGENIERIA CIVIL INDUSTRIAL;5;5.6;6;5.5;1;1;7;3.86;5.4;4.3;A
208;*;*;*;*;10.62158467;38.98667133;28.36508666;1;1;[3 3 3 3 0 0 3 3 3 ] [];9;39.01865233;105.9319863;66.91333397;2;3;[2 3 3 3 3 3 ] [1 1 1 1 ];10;105.9486973;177.4768773;71.52818;1;11;[3 3 3 3 3 3 3 3 0 0 0 0 0 0 2 2 2 2 ] [3 0 0 0 2 2 0 0 ];26;177.4928083;249.5732013;72.080393;2;13;[2 2 2 2 0 0 2 2 2 1 1 3 ] [1 1 3 3 ];16;249.5899253;294.4292363;44.839311;1;6;[1 1 1 2 2 2 2 2 2 2 ] [1 1 ];12;294.4459353;322.2393617;27.7934264;1;10;[2 2 0 0 2 2 0 0 ] [1 1 ];10;0;1;0;0;0;1;1;1;0;0;1;1;83;311.519731;44;15.18838287;10;6;5;2;2;INGENIERIA EN COMPUTACION E INFORMATICA;6.2;6.2;5.4;5.9;1;1;7;4.06;5;4.3;A
234;*;*;*;*;27.131148;73.19335933;46.06221133;1;2;[0 0 3 3 ] [2 1 2 2 0 ];9;73.21002333;177.9314307;104.7214074;2;6;[2 3 3 3 3 3 ] [1 1 1 1 ];10;177.9480227;301.7704413;123.8224186;1;5;[0 3 0 0 0 0 2 3 ] [3 0 0 2 2 2 2 0 ];16;301.8037747;364.1641047;62.36033;1;3;[2 2 0 0 2 2 ] [3 3 3 3 ];10;364.1807367;434.7407813;70.5600446;1;4;[1 2 2 2 3 2 ] [3 3 3 3 ];10;434.7579523;600.658372;165.9004197;3;10;[2 2 0 0 0 ] [1 1 1 1 3 3 0 ];12;0;1;1;1;0;0;1;1;1;1;1;1;67;573.4268316;30;14.30811671;8;6;3;3;3;INGENIERIA CIVIL INDUSTRIAL;5.2;4.7;4.2;4.7;5;1;7;4.05;5;4.3;A
282;*;*;*;*;58.24725467;100.228616;41.98136133;1;3;[3 3 3 0 3 0 ] [2 ];7;100.245414;216.823047;116.577633;2;9;[2 3 3 3 3 ] [1 1 1 1 2 ];10;216.839742;305.4188813;88.5791393;1;5;[3 0 0 0 0 0 2 0 1 ] [3 0 0 2 2 2 2 0 2 ];18;305.4355233;340.8671653;35.431642;1;2;[2 2 0 0 2 2 2 2 2 2 ] [];10;340.8838793;381.3485583;40.464679;1;2;[1 2 2 2 2 2 3 2 ] [3 3 ];10;381.3652573;427.5796683;46.214411;1;2;[2 2 0 ] [1 1 1 1 3 3 1 ];10;1;1;0;1;0;1;1;1;0;1;1;1;65;369.2488656;23;11.59050583;11;7;5;4;3;INGENIERIA CIVIL INDUSTRIAL;6.2;5.2;4.6;5.3;1;1;2.8;3.34;6.4;4.3;A
334;*;*;*;*;19.929708;71.90249967;51.97279167;1;5;[3 3 3 0 3 3 ] [1 1 0 ];9;71.91913467;116.8689153;44.94978063;1;6;[2 3 3 3 3 3 ] [1 1 1 1 ];10;116.8855673;308.8034173;191.91785;1;26;[0 3 0 0 0 0 2 2 0 3 1 1 1 ] [3 0 0 2 2 3 0 0 3 3 3 3 3 3 3 1 1 1 1 1 1 2 2 2 2 2 2 2 0 0 0 ];44;308.8367243;415.0494383;106.212714;1;7;[2 2 0 0 2 2 3 3 1 1 1 1 2 2 2 0 0 ] [1 1 3 3 3 ];22;415.0660673;471.4028537;56.3367864;1;4;[1 2 2 1 1 ] [1 1 3 3 3 3 3 ];12;471.4195027;505.4311157;34.011613;1;5;[2 2 0 0 ] [1 1 1 1 3 3 ];10;0;1;0;0;0;1;1;1;0;0;1;1;107;485.4015357;53;21.24172655;3;2;2;0;1;INGENIERIA CIVIL INDUSTRIAL;6;4.4;6.2;5.5;1;2.2;4.9;3.95;5.2;4.3;A
390;*;*;*;*;42.986132;92.50477433;49.51864233;1;8;[1 1 3 0 3 3 0 0 0 3 ] [2 ];11;92.52140633;174.6855263;82.16411997;1;30;[2 3 3 3 3 2 2 2 3 3 3 3 0 0 0 0 3 3 ] [1 1 1 0 0 0 0 3 3 0 0 ];29;174.7021903;216.7700477;42.0678574;1;30;[3 3 3 3 3 3 3 3 0 0 0 0 0 0 0 0 2 2 2 2 0 3 1 1 2 1 1 3 1 1 2 ] [];31;216.7867637;236.484138;19.6973743;1;12;[2 3 0 1 2 2 0 0 2 2 2 2 2 2 ] [];14;236.500846;255.329529;18.828683;1;12;[1 0 3 2 1 1 1 2 2 2 2 2 2 2 2 0 0 ] [];17;255.346135;271.6519963;16.3058613;1;10;[2 3 0 1 2 2 0 0 2 2 0 0 0 0 ] [];14;0;0;0;0;0;0;1;0;0;1;0;1;116;228.5825383;102;23.20026957;9;6;3;3;2;INGENIERIA CIVIL INDUSTRIAL;7;4.9;6;6;2.5;1;7;4.31;4.4;4.3;A
104;*;*;*;*;8.181430667;43.456583;35.27515233;1;2;[3 3 0 ] [1 2 2 2 ];7;43.473279;125.770717;82.297438;2;6;[2 3 3 3 3 ] [1 1 1 1 2 ];10;125.787401;250.2084073;124.4210063;1;6;[3 0 0 0 0 0 0 0 2 3 1 0 2 3 1 3 3 3 ] [3 0 0 2 ];22;250.2250573;371.0467877;120.8217304;1;7;[2 2 0 0 2 2 1 1 2 2 2 ] [1 1 3 1 1 1 1 ];18;371.0634997;533.3755437;162.312044;2;8;[1 2 2 1 0 1 1 1 1 1 ] [1 1 3 3 3 3 3 0 ];18;533.3923157;628.6532867;95.260971;2;5;[2 2 0 2 0 2 2 0 ] [1 1 1 ];11;1;1;0;0;0;0;1;1;0;0;0;1;86;620.388342;34;18.03379594;3;2;1;1;2;INGENIERIA EN COMPUTACION E INFORMATICA;6.5;1;3.7;3.7;6.2;1;3.7;3.41;6.6;4.4;A
106;*;*;*;*;11.57977333;43.96576233;32.385989;1;15;[3 3 3 3 3 0 ] [2 2 3 3 1 2 ];12;43.97911233;66.32529333;22.346181;1;8;[2 3 3 3 3 3 0 0 0 0 ] [];10;66.33859933;155.3233243;88.98472497;2;134;[1 0 3 2 3 0 0 0 0 0 2 3 0 1 1 1 1 1 1 1 1 3 3 3 3 3 3 3 3 3 3 0 0 0 0 0 0 0 0 2 2 2 2 2 2 1 1 1 1 0 3 1 1 3 3 1 1 2 ] [];58;155.3366573;240.7347923;85.398135;1;22;[1 0 3 2 2 2 2 1 2 2 2 1 0 0 0 3 3 2 0 0 0 2 2 1 1 2 2 2 0 0 ] [1 0 3 2 3 ];35;240.7481083;276.4806683;35.73256;1;20;[1 1 1 2 2 0 0 1 1 2 2 2 2 2 2 0 0 ] [];17;276.4940063;330.1728203;53.678814;2;40;[2 2 2 2 3 3 3 3 3 3 0 0 0 0 0 0 0 0 0 1 1 1 1 3 2 2 2 2 2 2 2 2 0 0 3 3 3 3 0 0 ] [];40;0;1;0;0;0;0;1;1;0;0;0;0;172;318.526404;239;41.38564389;6;2;4;1;1;INGENIERIA EN COMPUTACION E INFORMATICA;4.6;6.8;5.3;5.3;6.3;1.3;7;4.72;3.5;4.4;A
193;*;*;*;*;8.766290333;43.26286333;34.496573;1;1;[3 3 0 0 3 ] [2 2 1 ];8;43.29619667;192.4337287;149.137532;3;14;[2 3 3 3 3 3 ] [1 1 1 1 ];10;192.4504047;498.8915377;306.441133;4;25;[3 0 0 0 0 0 0 2 3 ] [0 3 0 2 2 0 2 2 2 2 0 ];20;498.9248547;564.25357;65.3287153;1;5;[2 2 0 0 2 2 ] [2 2 0 0 3 3 3 3 ];14;564.270222;591.633731;27.363509;1;3;[1 2 2 ] [3 3 3 3 3 ];8;591.650316;671.7945383;80.1442223;1;12;[2 2 3 3 0 0 3 2 ] [1 1 1 1 3 3 3 ];15;0;1;0;0;1;0;1;1;0;1;1;0;75;662.9116846;60;18.28444307;5;2;3;1;1;INGENIERIA CIVIL INDUSTRIAL;5.8;6.2;2.4;4.8;1;1;6.4;3.44;6.6;4.4;A
280;*;*;*;*;112.4116743;257.6864547;145.2747804;2;33;[3 3 0 3 1 0 0 3 3 3 ] [2 2 2 3 3 3 ];16;257.7028007;410.2137843;152.5109836;1;19;[2 0 0 3 0 0 3 3 3 3 0 0 0 0 3 3 ] [1 3 0 3 0 3 0 3 3 ];25;410.2301303;594.2448277;184.0146974;1;25;[3 1 1 1 0 0 0 0 0 2 2 3 1 1 1 1 1 ] [3 0 0 2 0 0 3 3 3 3 1 1 1 1 1 1 2 2 2 2 2 2 2 ];40;594.2611737;662.9894897;68.728316;2;11;[2 2 2 2 0 0 2 2 2 2 ] [];10;663.0058357;831.3168733;168.3110376;4;21;[3 1 2 2 0 1 1 1 ] [1 1 1 3 3 3 3 3 ];16;831.3332193;874.953737;43.6205177;1;9;[2 2 0 0 0 0 2 2 0 0 ] [];10;0;0;0;1;0;1;1;0;0;1;0;1;117;762.4603327;118;29.49111576;3;2;1;1;1;INGENIERIA EN COMPUTACION E INFORMATICA;4.2;4;2.5;3.6;6.5;4.6;3.7;4.28;4.6;4.4;A
299;*;*;*;*;126.2989683;162.9965537;36.6975854;1;1;[3 3 3 ] [2 2 1 1 ];7;163.0130587;238.139493;75.1264343;1;3;[2 3 3 3 3 3 ] [1 1 1 1 ];10;238.156301;341.553331;103.39703;1;6;[3 0 0 0 0 0 2 ] [3 0 0 0 2 2 2 2 0 2 ];17;341.569994;389.0901043;47.5201103;1;4;[2 2 0 0 2 2 ] [3 3 3 3 ];10;389.1069053;456.9236033;67.816698;1;7;[1 2 2 1 1 2 2 2 2 2 2 0 ] [1 ];13;456.9402353;512.2361273;55.295892;1;3;[0 0 0 0 2 2 2 2 ] [1 1 ];10;1;1;0;1;0;1;1;1;0;1;1;1;67;385.85375;24;12.13067355;5;2;2;2;1;INGENIERIA EN COMPUTACION E INFORMATICA;4.2;5.8;3.1;3;7;3.8;5.5;4.56;3.9;4.4;A
408;*;*;*;*;217.3719323;540.017794;322.6458617;2;14;[3 3 3 0 0 3 3 3 ] [];8;540.051096;621.7153223;81.6642263;1;6;[2 3 3 3 3 3 ] [1 1 1 1 ];10;621.7486557;1022.751151;401.0024953;3;22;[3 0 0 0 0 0 2 3 ] [3 0 0 0 2 2 2 2 0 ];17;1022.784484;1233.443644;210.65916;2;16;[0 0 2 2 2 1 1 2 1 2 0 3 1 ] [1 1 3 3 3 3 3 3 ];21;1233.460347;1502.67437;269.214023;6;47;[2 1 2 2 2 2 2 2 2 ] [];9;1502.707703;1566.327711;63.620008;1;4;[2 2 0 0 2 ] [1 1 1 1 3 ];10;0;1;0;0;0;1;1;1;0;0;1;1;75;1348.805774;109;27.90470398;9;5;5;3;2;INGENIERIA CIVIL INDUSTRIAL;4.5;5.2;4.8;4.8;6.5;1;7;4.33;4.6;4.4;A
54;*;*;*;*;9.556883;110.6786947;101.1218117;2;41;[] [2 2 2 2 2 1 1 ];7;110.6955337;153.8953247;43.199791;1;13;[2 2 3 3 3 3 3 3 ] [1 1 1 1 ];12;153.9119557;307.287155;153.3751993;3;57;[3 0 0 0 0 0 2 ] [3 0 0 2 2 2 2 2 2 2 2 2 0 2 ];21;307.303925;355.171941;47.868016;1;25;[2 2 0 0 2 2 2 2 2 ] [1 1 1 3 3 2 0 0 ];17;355.188881;385.099992;29.911111;1;7;[1 2 2 2 2 2 2 2 ] [];8;385.116739;419.446752;34.330013;1;16;[2 2 0 0 2 2 0 0 0 0 ] [];10;1;0;0;0;1;1;1;1;0;0;1;1;75;409.805942;159;21.90841752;9;5;4;3;3;INGENIERIA EN COMPUTACION E INFORMATICA;6;5.5;5.7;5.7;1;1;1.7;3.43;7;4.5;A
56;*;*;*;*;88.43222533;144.1185493;55.68632397;1;1;[3 3 3 ] [2 2 1 1 ];7;144.1351793;228.2389373;84.103758;2;5;[2 3 3 3 3 3 ] [1 1 1 1 ];10;228.2556093;513.2296297;284.9740204;3;19;[3 0 0 0 0 0 2 1 3 ] [3 0 0 0 2 2 2 2 0 ];18;513.2462677;555.8641797;42.617912;1;6;[2 2 0 0 2 2 3 ] [3 3 3 3 3 3 2 ];14;555.8808047;602.5773697;46.696565;2;3;[1 2 2 ] [3 3 3 3 3 ];8;602.5939977;647.1263767;44.532379;1;4;[2 2 3 3 0 0 2 ] [1 1 1 1 3 3 3 ];14;1;1;0;0;1;0;1;1;0;1;1;1;71;558.6109584;38;15.29271642;8;4;4;3;3;INGENIERIA EN COMPUTACION E INFORMATICA;5.8;4.9;2.9;4.5;4.4;2.6;7;4.27;5.2;4.5;A
112;*;*;*;*;62.13088067;127.1116173;64.98073663;1;7;[3 3 3 0 0 3 3 ] [];7;127.1282833;207.8583873;80.730104;1;16;[2 3 3 3 3 3 3 3 ] [1 1 3 3 1 1 ];14;207.8750533;515.7564997;307.8814464;4;42;[3 0 0 0 0 0 2 3 ] [3 0 0 2 2 2 2 0 ];16;515.7731657;685.8108963;170.0377306;4;17;[2 2 0 0 3 2 2 ] [3 3 3 3 ];11;685.8275623;727.8925463;42.064984;1;4;[1 2 2 ] [3 3 3 3 3 ];8;727.9092123;803.1228703;75.213658;2;7;[2 2 0 0 2 ] [1 1 1 1 3 ];10;1;0;1;0;1;1;1;1;1;1;1;1;66;740.9086596;93;19.62495401;4;3;1;1;1;INGENIERIA CIVIL INDUSTRIAL;5.8;4;3.6;4.5;6;6.5;1.6;4.92;3.6;4.5;A
123;*;*;*;*;131.6896463;394.601744;262.9120977;26;95;[2 1 3 2 0 1 3 2 1 2 2 3 1 0 0 2 2 2 3 3 ] [1 3 2 0 3 2 3 2 2 1 2 2 1 1 ];34;394.6350773;481.6164517;86.9813744;1;15;[2 3 3 3 3 3 ] [1 1 2 3 1 1 ];12;481.6332047;1039.196155;557.5629503;4;111;[3 0 0 0 0 0 2 3 ] [3 0 0 2 2 2 2 2 2 2 0 ];19;1039.229488;1120.896654;81.667166;1;17;[2 2 0 0 2 2 3 3 ] [3 3 3 3 3 3 3 ];15;1120.913405;1188.577626;67.664221;1;11;[1 1 1 2 2 ] [1 1 3 3 3 3 3 ];12;1188.610959;1237.445691;48.834732;1;9;[2 2 0 0 2 2 0 0 ] [1 1 ];10;0;0;0;0;0;1;0;1;0;0;1;1;102;1105.622541;258;38.99029112;3;3;1;0;1;INGENIERIA CIVIL INDUSTRIAL;4.5;4.6;5.6;4.9;7;1;4;4.15;5.2;4.5;A
142;*;*;*;*;61.28335467;141.5334197;80.25006503;2;18;[3 3 3 0 0 3 3 3 ] [];8;141.5500787;178.1334677;36.583389;1;12;[2 3 3 3 3 3 0 0 ] [1 1 ];10;178.1501217;313.6003117;135.45019;2;38;[3 0 0 0 0 0 2 2 3 1 1 0 3 3 3 3 3 1 1 1 2 ] [];21;313.6169687;375.8337257;62.216757;4;37;[2 2 2 2 2 2 2 2 0 0 0 2 ] [];12;375.8503777;402.1337587;26.283381;1;13;[1 1 1 1 2 2 2 2 2 2 2 2 0 0 ] [];14;402.1504217;454.6005057;52.450084;1;11;[0 0 0 0 2 2 2 2 2 2 3 3 0 0 ] [];14;0;1;0;0;0;0;1;1;0;1;1;1;79;393.233866;129;20.5476819;9;6;4;3;3;INGENIERIA CIVIL INFORMATICA;6.8;5.3;5.5;5.9;6;1;4;4.48;4.4;4.5;A
297;*;*;*;*;45.27834933;79.77862133;34.500272;1;2;[3 3 3 ] [2 2 1 1 ];7;79.79531533;130.045794;50.25047867;2;3;[2 3 3 3 3 3 ] [1 1 1 1 ];10;130.062504;239.663345;109.600841;3;16;[3 0 0 0 0 0 2 3 ] [3 0 0 2 2 2 2 0 ];16;239.68006;275.513989;35.833929;1;3;[2 2 0 0 2 2 ] [3 3 3 3 ];10;275.530634;301.0473263;25.5166923;1;3;[1 2 2 2 2 2 ] [3 3 ];8;301.0640523;338.0975207;37.0334684;1;6;[2 2 0 0 2 2 0 ] [2 2 3 3 1 1 1 ];14;1;1;1;1;1;0;1;1;1;1;1;1;65;292.7356814;33;11.46500124;11;7;4;4;3;INGENIERIA EN COMPUTACION E INFORMATICA;6;6;6.1;6;6;1;1;4.26;5;4.5;A
320;*;*;*;*;8.253730667;42.05228133;33.79855066;1;1;[0 3 3 3 ] [2 2 1 ];7;42.06893233;86.25568933;44.186757;1;4;[2 3 3 3 3 3 ] [1 1 1 1 ];10;86.27251033;342.238125;255.9656147;4;41;[3 3 3 3 3 3 3 3 0 0 0 0 0 0 ] [3 0 0 2 0 0 3 3 3 3 ];24;342.254807;385.3243123;43.0695053;1;18;[2 2 2 2 0 0 2 2 2 1 1 3 ] [1 1 3 3 ];16;385.3409343;429.961089;44.6201547;1;20;[1 2 ] [1 1 3 3 3 3 3 3 2 0 0 3 ];14;429.977741;474.9147203;44.9369793;1;11;[2 2 0 1 0 0 2 2 0 0 3 ] [1 1 3 ];14;1;1;0;0;0;0;1;1;0;0;1;1;85;466.5775616;95;20.12808835;9;7;2;4;3;INGENIERIA CIVIL INDUSTRIAL;5.4;4.9;5.2;5.2;1.1;4.2;7;4.5;4.6;4.5;A
384;*;*;*;*;12.890803;36.522153;23.63135;1;4;[0 0 3 3 3 1 ] [1 2 2 ];9;36.529099;66.056274;29.527175;1;10;[2 3 3 3 3 3 0 0 ] [1 1 ];10;66.063272;133.7271803;67.6639083;1;15;[3 0 0 0 0 0 2 3 ] [3 0 0 2 2 0 2 2 0 ];17;133.7341233;163.1085173;29.374394;1;9;[2 2 0 0 2 2 ] [3 3 3 3 ];10;163.1154583;189.1288773;26.013419;1;6;[1 2 2 2 2 2 ] [3 3 ];8;189.1357773;221.1906103;32.054833;1;10;[2 2 0 0 2 2 0 ] [1 1 1 ];10;0;1;0;1;1;1;1;1;0;1;1;1;64;208.2650793;54;11.77738627;7;3;4;2;2;INGENIERIA CIVIL INFORMATICA;5.8;7;5.1;6;5.8;1;6.4;4.74;4;4.5;A
438;*;*;*;*;32.50466667;50.42266667;17.918;1;2;[0 3 3 3 0 ] [2 2 ];7;50.43766667;85.19833333;34.76066666;1;3;[2 3 3 3 3 3 ] [1 1 1 1 ];10;85.20933333;209.2536667;124.0443334;3;17;[2 0 3 0 0 0 0 2 3 ] [3 0 0 2 2 2 2 0 ];17;209.2696667;248.661;39.3913333;1;3;[2 2 2 2 0 0 0 1 2 2 2 ] [2 3 ];13;248.678;302.1586667;53.4806667;1;4;[1 2 2 2 3 2 2 2 2 2 2 ] [2 ];12;302.1746667;361.6716667;59.497;1;7;[2 2 0 1 0 0 2 2 2 2 3 3 0 0 0 ] [1 ];16;1;1;0;0;0;0;1;1;0;1;1;0;75;329.092;36;13.59301485;9;6;4;2;2;INGENIERIA EN COMPUTACION E INFORMATICA;5.9;5.8;5.1;5.6;3.5;2.5;3.5;4.3;5;4.5;A
31;*;*;*;*;23.038266;106.405676;83.36741;2;6;[3 3 3 3 0 0 ] [2 ];7;106.412629;250.842126;144.429497;3;5;[2 3 3 3 3 3 ] [1 1 1 1 ];10;250.849066;661.519921;410.670855;4;16;[0 3 0 0 0 0 2 3 1 3 3 3 ] [3 0 0 0 2 ];17;661.526854;758.852687;97.325833;1;2;[2 2 2 2 0 0 2 2 2 ] [1 3 3 1 3 2 0 0 ];17;758.859572;876.233834;117.374262;1;2;[2 1 2 2 1 ] [1 3 3 3 1 3 3 3 3 3 0 ];16;876.240778;1054.066053;177.825275;2;4;[2 2 0 0 2 2 0 0 ] [1 1 3 2 ];12;1;1;0;0;0;0;1;1;0;0;0;1;79;1030.993132;35;20.94141168;8;5;3;3;3;INGENIERIA INDUSTRIAL;7;6.1;5.1;6.1;1;2.8;4.9;4.37;5.2;4.6;A
141;*;*;*;*;32.74824533;239.804443;207.0561977;5;53;[1 1 0 3 3 3 0 3 3 1 ] [1 1 1 1 ];14;239.820988;299.7344397;59.9134517;1;10;[2 3 3 3 3 3 0 0 ] [1 1 ];10;299.7511077;621.2504757;321.499368;5;41;[3 0 0 0 0 0 2 3 ] [3 0 0 2 2 2 2 2 0 ];17;621.2670827;693.879908;72.6128253;2;8;[2 2 2 2 0 0 ] [3 3 3 3 ];10;693.896495;797.857588;103.961093;3;10;[1 2 2 2 2 2 ] [3 3 ];8;797.874237;836.322159;38.447922;1;4;[2 2 0 0 ] [1 1 1 1 3 3 ];10;0;1;0;1;1;1;1;1;0;1;1;1;69;803.4908577;126;22.72882556;4;3;2;2;1;INGENIERIA EN COMPUTACION E INFORMATICA;4.5;6.6;5.8;4.5;6;1;5.5;4.37;5;4.6;A
150;*;*;*;*;66.87062867;126.47589;59.60526133;1;4;[3 3 3 0 3 0 ] [2 0 ];8;126.492644;180.865829;54.373185;1;9;[2 3 3 3 3 ] [1 1 1 1 2 ];10;180.882519;368.0303513;187.1478323;2;18;[3 0 0 0 0 0 2 0 3 ] [3 0 0 2 2 2 2 0 0 ];18;368.0470303;415.0714743;47.024444;1;6;[2 2 0 0 2 2 ] [3 3 3 3 ];10;415.0882053;461.6458713;46.557666;1;6;[1 2 2 2 3 2 ] [3 3 3 3 ];10;461.6626043;512.2363003;50.573696;1;4;[2 2 0 0 2 2 ] [1 1 1 1 ];10;0;1;0;1;0;1;1;1;0;1;1;1;66;445.2820846;47;13.95401716;3;3;0;1;1;INGENIERIA CIVIL INDUSTRIAL;5.8;5.6;6.8;6.1;1;1;1.9;3.62;7;4.6;A
179;*;*;*;*;72.98915867;99.49002067;26.500862;1;1;[3 3 ] [1 1 2 2 2 ];7;99.523354;266.994431;167.471077;3;10;[2 3 3 3 3 ] [1 1 1 1 2 ];10;267.027748;615.747979;348.720231;8;19;[3 0 0 0 0 0 2 0 0 3 1 ] [2 3 0 0 0 0 2 2 2 2 0 ];22;615.764605;721.942637;106.178032;3;3;[2 2 0 0 2 2 ] [3 3 3 3 ];10;721.959272;861.0456357;139.0863637;6;8;[1 2 2 2 3 2 2 2 ] [3 3 ];10;861.0622737;957.728005;96.6657313;1;2;[2 2 0 0 2 2 ] [2 3 1 1 1 1 ];12;1;1;0;1;0;0;1;1;0;1;1;1;71;884.622297;43;18.74461038;8;5;3;3;2;INGENIERIA EN COMPUTACION E INFORMATICA;5.9;6.2;5.8;5.9;1.5;1;7;4.15;5.7;4.6;A
195;*;*;*;*;178.3479097;241.0354993;62.6875896;1;1;[3 3 3 ] [2 1 1 2 ];7;241.0688327;381.6052203;140.5363876;9;8;[2 3 3 3 3 3 ] [1 1 1 1 ];10;381.6385453;509.8294757;128.1909304;1;5;[0 3 0 0 0 0 2 3 1 3 3 3 ] [3 0 0 2 ];16;509.8472327;647.286923;137.4396903;1;6;[2 2 1 0 2 ] [1 1 3 3 3 3 3 ];12;647.3202563;769.025767;121.7055107;2;2;[1 2 2 1 1 ] [1 1 3 3 3 3 3 ];12;769.042388;882.3383577;113.2959697;1;3;[2 2 0 0 0 0 2 ] [1 1 3 ];10;1;1;1;0;0;1;1;1;1;1;1;1;67;703.8560783;25;15.26019867;6;4;2;3;2;INGENIERIA CIVIL INDUSTRIAL;6.7;5.9;4;5.5;2.5;3.5;6.4;4.65;4.4;4.6;A
218;*;*;*;*;39.10128333;88.052856;48.95157267;2;8;[3 3 3 0 0 3 3 ] [];7;88.069823;202.9139603;114.8441373;4;36;[2 3 3 3 3 3 0 ] [1 1 1 ];10;202.9303723;421.6326843;218.702312;5;57;[0 3 0 0 0 0 2 3 1 3 ] [3 0 0 2 2 2 ];16;421.6494533;502.3104383;80.660985;3;13;[2 2 0 0 2 2 ] [3 3 3 3 ];10;502.3273503;607.589211;105.2618607;4;17;[1 2 2 2 2 2 ] [3 3 ];8;607.606159;648.296012;40.689853;2;10;[2 2 0 0 2 2 0 ] [1 1 1 ];10;1;1;1;1;1;1;1;1;1;1;1;1;61;609.1107207;141;20.49771962;7;5;2;2;3;INGENIERIA EN COMPUTACION E INFORMATICA;5;6;5.9;5.6;6.5;1;1;4.13;5.6;4.6;A
316;*;*;*;*;85.733776;130.2019853;44.4682093;1;16;[3 1 3 3 3 0 3 0 0 ] [];9;130.2353013;180.9718587;50.7365574;2;14;[2 3 3 3 3 3 ] [1 1 1 1 ];10;180.9885107;269.2557437;88.267233;1;20;[3 0 0 0 0 0 2 0 0 1 0 3 1 1 3 3 ] [3 0 0 2 2 ];21;269.2719407;309.3713063;40.0993656;1;4;[2 2 2 2 2 2 2 0 0 2 ] [];10;309.3880073;346.736271;37.3482637;1;4;[1 1 1 3 2 2 2 2 2 2 2 0 0 ] [];13;346.752927;408.1431273;61.3902003;2;7;[2 2 0 0 2 2 0 0 0 0 ] [];10;0;1;0;1;0;1;1;1;0;1;1;1;73;322.3098293;65;14.98582485;7;4;3;2;3;INGENIERIA EN COMPUTACION E INFORMATICA;6.9;6.3;4.7;6;2;2.7;7;4.66;4.6;4.6;A
330;*;*;*;*;9.033511333;34.85225467;25.81874334;1;2;[0 3 3 3 ] [2 2 1 ];7;34.86892167;74.155;39.28607833;2;5;[2 3 3 3 3 ] [1 1 1 1 2 ];10;74.171667;145.6116447;71.4399777;1;8;[3 0 0 0 0 0 2 3 ] [3 0 0 2 2 2 2 0 ];16;145.6283117;172.3302847;26.701973;1;4;[2 2 0 0 2 2 ] [3 3 3 3 ];10;172.3469517;195.4650587;23.118107;1;3;[1 2 2 ] [3 3 3 3 3 ];8;195.4817257;228.7177307;33.236005;1;4;[2 2 0 0 2 2 ] [1 1 1 1 ];10;1;1;1;1;1;1;1;1;1;1;1;1;61;219.6008844;26;9.693081204;5;3;2;2;1;INGENIERIA CIVIL INDUSTRIAL;5.8;6.2;4.8;5.6;4.5;2.8;7;4.87;4;4.6;A
353;*;*;*;*;55.85468967;331.8924227;276.037733;1;10;[3 1 3 3 0 ] [2 2 1 1 ];9;331.9091467;402.4860313;70.5768846;1;5;[2 3 3 3 3 3 ] [1 1 1 1 ];10;402.5025633;571.917057;169.4144937;1;11;[3 0 0 0 0 0 2 3 1 3 3 3 ] [0 3 0 2 0 2 ];18;571.933693;635.207815;63.274122;1;4;[2 2 0 0 2 2 2 2 2 ] [3 ];10;635.224502;742.131519;106.907017;1;5;[1 2 2 1 1 ] [1 1 3 3 3 3 3 ];12;742.147947;795.585192;53.437245;1;5;[2 2 0 0 2 2 0 ] [1 1 1 ];10;0;1;0;1;0;1;1;1;0;1;1;1;69;739.6474953;40;16.84331613;6;3;3;2;3;INGENIERIA CIVIL INDUSTRIAL;7;5.6;6.4;6.3;2.5;1;7;4.48;5;4.6;A
369;*;*;*;*;68.784928;291.2118807;222.4269527;12;130;[2 3 3 0 0 3 ] [2 2 2 ];9;291.2285267;341.2265867;49.99806;1;10;[2 3 3 3 3 3 ] [1 1 1 1 ];10;341.2432427;500.3148367;159.071594;2;27;[0 3 0 0 0 0 2 3 ] [3 0 0 2 2 2 2 0 ];16;500.3314927;544.9501897;44.618697;1;5;[2 2 2 2 0 0 ] [3 3 3 3 ];10;544.9668497;610.2708587;65.304009;1;3;[1 2 2 ] [1 1 3 3 3 3 3 0 0 ];12;610.2875127;703.2053573;92.9178446;1;7;[2 2 3 3 0 0 2 ] [1 1 1 1 3 3 3 ];14;0;1;1;1;0;0;1;1;1;1;1;1;71;634.3371573;182;24.84673692;6;3;3;1;2;INGENIERIA CIVIL INDUSTRIAL;6.3;5.5;5;5.6;1;1;7;3.9;6.2;4.6;A
451;*;*;*;*;46.63468233;415.0423883;368.407706;7;41;[3 3 3 0 0 3 3 ] [];7;415.0591703;446.6840237;31.6248534;1;4;[2 3 3 3 3 ] [1 1 1 1 2 ];10;446.7007817;555.8166207;109.115839;2;17;[3 0 0 0 0 0 2 3 ] [3 0 0 2 2 2 2 0 ];16;555.8333837;594.461887;38.6285033;1;2;[2 2 2 2 2 2 2 ] [3 1 1 ];10;594.478599;642.417436;47.938837;1;4;[1 2 2 1 1 ] [1 1 3 3 3 3 3 ];12;642.43416;720.359814;77.925654;2;7;[0 0 0 0 ] [3 3 1 1 3 3 ];10;1;1;1;1;0;1;1;1;1;1;1;1;65;673.6413927;75;17.71366176;7;4;3;2;3;INGENIERIA CIVIL INDUSTRIAL;6.9;6.2;6.8;6.6;5.4;1;4.9;4.86;4;4.6;A
2;*;*;*;*;32.89483233;118.4915667;85.59673437;1;8;[3 0 3 ] [2 1 2 2 ];7;118.5166797;335.58786;217.0711803;7;16;[2 3 3 3 3 ] [1 1 1 1 2 ];10;335.613106;486.019626;150.40652;1;11;[0 3 0 0 0 0 2 2 3 1 3 3 ] [3 0 0 2 2 ];17;486.04491;582.7550103;96.7101003;1;5;[2 2 0 0 0 ] [3 1 1 3 3 3 0 0 3 3 ];15;582.7801073;641.9173553;59.137248;1;2;[1 2 2 1 1 ] [1 1 3 3 3 3 3 ];12;641.9422993;744.8797643;102.937465;2;7;[2 2 0 0 0 0 2 2 ] [1 1 ];10;1;1;0;0;0;1;1;1;0;0;1;1;71;711.859248;49;17.44534334;8;5;4;3;2;INGENIERIA CIVIL INDUSTRIAL;5.6;6;4.5;5.4;5.5;1;4.4;4.2;6;4.7;A
90;*;*;*;*;42.11839333;672.51138;630.3929867;4;7;[3 3 3 ] [2 2 1 1 ];7;672.52804;799.01664;126.4886;3;7;[2 3 3 3 3 3 ] [2 1 1 1 1 1 0 ];13;799.03328;1043.47842;244.44514;3;20;[0 3 0 0 3 0 0 2 2 2 2 2 3 3 1 3 ] [3 0 0 2 2 3 3 1 3 0 2 2 ];28;1043.49506;1092.98872;49.49366;1;2;[2 2 2 2 0 0 2 2 2 2 ] [];10;1093.00538;1137.58748;44.5821;1;2;[1 2 2 2 2 2 ] [3 3 ];8;1137.60414;1217.44616;79.84202;2;5;[0 0 0 0 2 2 2 2 ] [1 1 ];10;1;0;0;1;1;1;1;1;0;1;1;1;76;1175.244507;43;22.34538878;6;2;3;2;3;INGENIERIA CIVIL INDUSTRIAL;7;5.8;6.4;6.4;4.8;1;7;4.87;4.4;4.7;A
352;*;*;*;*;11.16276;195.57408;184.41132;3;11;[3 3 3 0 0 3 3 ] [];7;195.59076;263.7889333;68.1981733;2;3;[2 3 3 3 3 3 ] [1 1 1 1 ];10;263.8055933;519.36434;255.5587467;5;13;[3 0 0 0 0 0 2 3 ] [3 0 0 2 2 2 2 0 ];16;519.381;693.2594933;173.8784933;6;18;[2 2 2 2 0 0 ] [3 3 3 3 ];10;693.2761533;770.7898867;77.5137334;2;5;[1 2 2 ] [3 3 3 3 3 ];8;770.8065467;803.7390867;32.93254;1;5;[2 2 0 0 ] [1 1 1 1 3 3 ];10;1;1;1;1;1;1;1;1;1;1;1;1;61;792.4930067;55;16.9975717;7;5;3;2;3;INGENIERIA CIVIL INFORMATICA;6.6;6.4;5.7;6.2;1;1;7;4.21;6;4.7;A
372;*;*;*;*;13.83464367;193.1973637;179.36272;3;12;[3 ] [2 2 2 2 1 1 ];7;193.2140307;253.8516127;60.637582;1;4;[2 3 3 3 3 3 ] [1 1 1 1 ];10;253.8682797;375.82651;121.9582303;1;5;[3 0 0 0 0 0 2 3 ] [3 0 0 2 2 2 2 0 ];16;375.843177;459.3659333;83.5227563;1;2;[2 2 0 0 2 2 ] [3 3 3 3 ];10;459.3826003;509.9194303;50.53683;1;2;[1 2 2 ] [3 3 3 3 3 ];8;509.9360973;583.2076693;73.271572;1;3;[2 2 0 0 1 1 0 ] [1 1 1 1 3 3 1 ];14;1;1;1;1;1;0;1;1;1;1;1;1;65;569.2896906;28;13.82697083;8;6;3;4;3;INGENIERIA CIVIL INDUSTRIAL;6.9;6;5.9;6.3;3.5;1;7;4.61;4.8;4.7;A
422;*;*;*;*;55.54183567;317.3727657;261.83093;4;90;[3 3 3 1 3 3 0 0 ] [2 2 2 2 3 3 3 3 1 ];17;317.3894347;360.8924613;43.5030266;1;6;[2 3 3 3 3 3 ] [1 1 1 1 ];10;360.9091533;421.0834987;60.1743454;1;4;[3 0 0 0 0 0 2 3 1 ] [3 0 0 2 2 2 2 ];16;421.1001637;459.5531937;38.45303;1;2;[2 2 0 0 2 2 ] [3 3 3 3 ];10;459.5698647;527.9883027;68.418438;1;3;[1 2 2 1 1 2 2 2 2 2 ] [1 1 0 1 ];14;528.0049707;629.9187843;101.9138136;4;8;[2 2 3 3 0 0 2 2 2 2 0 ] [1 1 1 ];14;0;1;1;1;0;0;1;1;1;1;1;1;81;574.2935836;113;21.63294689;6;3;3;2;2;INGENIERIA CIVIL INDUSTRIAL;5;4;5.8;4.9;3;5;6.7;4.83;4.4;4.7;A
26;*;*;*;*;30.01527333;157.0926087;127.0773354;5;6;[3 3 3 0 0 ] [2 2 ];7;157.1092607;331.2621087;174.152848;2;6;[2 3 ] [1 1 1 1 2 2 2 2 ];10;331.2788397;598.5997197;267.32088;3;8;[3 3 3 3 3 3 3 3 0 0 0 0 0 0 ] [3 0 0 2 0 0 3 3 3 3 ];24;598.6165397;640.4811867;41.864647;1;1;[2 2 2 2 ] [1 1 3 3 3 3 ];10;640.4978317;731.0099187;90.512087;2;2;[1 1 1 2 2 2 2 ] [1 1 3 3 3 ];12;731.0267377;771.7079967;40.681259;1;1;[0 0 0 0 ] [3 3 1 1 3 3 ];10;1;1;0;1;0;1;1;1;0;1;1;1;73;741.6090564;24;16.51923078;7;5;3;3;2;INGENIERIA EN COMPUTACION E INFORMATICA;5.6;5.6;6;5.7;1.6;2.6;7;4.45;5.6;4.8;A
29;*;*;*;*;156.5102343;232.957703;76.4474687;2;16;[1 3 3 3 0 3 3 0 0 ] [];9;232.974351;274.2804243;41.3060733;1;12;[2 3 3 3 3 3 0 0 0 0 ] [];10;274.2974613;345.7618373;71.464376;1;25;[3 ] [3 0 0 2 2 0 0 3 3 3 3 1 1 1 1 1 1 2 2 2 2 2 2 2 ];25;345.7786813;392.2333793;46.454698;1;19;[2 2 2 3 3 3 2 2 2 3 0 0 2 2 2 2 2 2 ] [];18;392.2500413;411.1617853;18.911744;1;12;[1 1 1 2 2 2 2 2 2 0 2 0 0 ] [];13;411.1786543;437.2220747;26.0434204;1;9;[0 2 0 0 0 2 2 2 2 0 0 ] [];11;0;1;0;0;0;0;1;1;0;0;1;1;86;280.6277804;93;18.37074224;3;2;0;2;1;INGENIERIA CIVIL INDUSTRIAL;5.5;6.2;5.1;5.6;4.1;3.1;5.2;4.71;5;4.8;A
149;*;*;*;*;141.6633067;208.92744;67.2641333;1;9;[3 3 3 0 0 ] [2 2 ];7;208.94412;284.7624733;75.8183533;1;10;[2 3 3 3 3 3 ] [1 1 1 1 ];10;284.7958067;411.6448;126.8489933;1;15;[3 0 0 0 0 0 2 0 1 3 0 ] [3 0 0 2 2 2 2 0 ];19;411.66148;467.7209267;56.0594467;1;3;[2 2 2 2 2 2 2 ] [3 1 1 ];10;467.7375667;682.5630867;214.82552;5;13;[1 2 2 2 2 2 ] [0 1 3 3 ];10;682.59642;720.6625267;38.0661067;1;5;[2 2 0 0 2 2 0 ] [1 1 1 ];10;1;1;0;1;0;1;1;1;0;1;1;1;66;578.8825533;55;15.73325139;8;6;3;3;3;INGENIERIA CIVIL INDUSTRIAL;4.8;6.2;4.4;5.1;6;1;7;4.41;5.8;4.8;A
233;*;*;*;*;112.4151767;236.2736633;123.8584866;1;15;[3 3 3 3 3 ] [2 2 2 1 3 3 1 ];12;236.2903803;336.790282;100.4999017;1;9;[2 2 3 3 3 3 3 3 2 3 0 ] [2 1 1 1 ];15;336.806971;980.2694353;643.4624643;4;90;[3 3 2 3 3 2 2 2 3 0 0 0 0 0 2 3 1 1 1 1 1 3 ] [3 3 3 0 0 2 0 0 3 3 3 3 0 1 1 0 0 1 1 1 0 0 0 0 1 1 1 1 1 1 2 2 2 2 2 0 2 ];59;980.3027687;1074.1271;93.8243313;1;9;[2 2 ] [3 3 1 1 3 3 3 0 0 3 3 1 1 ];15;1074.14388;1134.550934;60.407054;1;7;[] [1 1 3 3 3 3 3 0 0 3 3 0 ];12;1134.567633;1295.49171;160.924077;1;7;[2 2 3 3 ] [1 1 3 3 3 3 2 2 2 2 2 2 2 1 1 3 3 3 3 3 3 3 3 1 1 ];29;0;0;0;0;0;0;1;1;0;0;1;0;142;1182.976315;137;38.69618936;5;2;2;2;2;INGENIERIA CIVIL INDUSTRIAL;6;5.1;4.1;5.1;6.8;1;2.8;4.08;6.4;4.8;A
242;*;*;*;*;36.65434733;69.95977033;33.305423;1;1;[3 3 3 ] [1 2 2 1 ];7;69.97634433;181.6552883;111.678944;2;3;[2 3 3 3 3 3 0 ] [1 1 1 ];10;181.6719903;335.1868613;153.514871;1;7;[3 0 0 0 0 0 0 2 3 ] [3 0 0 0 2 2 2 2 0 2 3 ];20;335.2035003;377.6891003;42.4856;1;2;[2 2 0 0 2 2 ] [3 3 3 3 ];10;377.7057883;433.7201543;56.014366;2;3;[1 2 2 ] [3 3 3 3 3 ];8;433.7368043;474.6562923;40.919488;1;3;[3 2 2 0 0 ] [1 1 1 1 3 3 ];11;1;1;0;1;1;0;1;1;0;1;1;1;66;437.918692;19;12.16731512;7;4;3;3;3;INGENIERIA CIVIL INFORMATICA;5.8;6.3;5.5;5.9;1;1;7;4.03;6.6;4.8;A
34;*;*;*;*;14.86844;70.24474667;55.37630667;1;1;[3 3 3 ] [2 2 1 1 ];7;70.26474667;393.5071867;323.24244;6;16;[2 3 3 3 3 3 ] [1 1 1 1 ];10;393.5271867;683.0195667;289.49238;2;3;[0 3 0 0 0 0 2 3 ] [2 3 0 0 0 2 2 2 2 0 ];18;683.0395667;749.1055533;66.0659866;1;2;[2 2 0 0 2 2 ] [3 3 3 3 ];10;749.1255533;793.7868467;44.6612934;1;2;[1 2 2 2 ] [3 3 3 3 ];8;793.8056667;851.4656333;57.6599666;1;2;[2 2 0 0 2 ] [1 1 1 1 3 ];10;1;1;0;1;1;1;1;1;0;1;1;1;63;836.4983733;26;15.96391043;10;7;4;4;3;INGENIERIA CIVIL INFORMATICA;6.2;5.5;5.6;5.8;6.6;1;1;4.22;6.4;4.9;A
75;*;*;*;*;87.89340333;136.0382993;48.14489597;2;7;[3 3 3 0 3 3 0 ] [];7;136.0548953;175.8368333;39.781938;3;16;[2 3 3 3 3 3 ] [1 1 1 1 ];10;175.8534893;372.530859;196.6773697;6;73;[0 0 3 0 0 0 0 2 3 1 3 3 3 3 3 0 1 1 ] [0 1 3 ];21;372.547506;422.358255;49.810749;2;18;[2 2 0 0 2 2 2 2 2 2 ] [];10;422.374931;445.197857;22.822926;1;16;[1 2 2 1 1 2 2 2 2 2 0 1 0 0 0 ] [0 ];16;445.214535;500.522711;55.308176;2;17;[2 2 3 3 0 0 2 2 0 0 2 ] [1 1 3 ];14;1;1;0;1;0;0;1;1;0;1;0;1;78;412.5460547;147;21.67759692;5;5;1;2;2;INGENIERIA CIVIL INDUSTRIAL;6;5.6;6.4;6;1;3;7;4.6;5.6;4.9;A
84;*;*;*;*;5.432973333;22.17885333;16.74588;1;2;[3 3 3 ] [2 2 1 1 ];7;22.19553333;52.93849333;30.74296;1;8;[2 3 3 3 3 3 0 0 ] [1 1 ];10;52.95515333;144.5159067;91.56075337;3;21;[0 3 0 0 0 0 2 3 ] [3 0 0 2 2 2 2 0 ];16;144.5325667;174.19202;29.6594533;1;6;[2 2 0 0 2 2 ] [3 3 3 3 ];10;174.2087;192.72088;18.51218;1;3;[1 2 2 2 2 2 ] [3 3 ];8;192.73754;232.31266;39.57512;2;6;[2 2 0 0 ] [1 1 1 1 3 3 ];10;1;1;1;1;1;1;1;1;1;1;1;1;61;226.7963467;46;10.98797548;5;2;3;1;2;INGENIERIA CIVIL INFORMATICA;6.6;6.4;4.3;5.8;5.9;1;7;4.72;5.2;4.9;A
165;*;*;*;*;63.39735433;128.6369883;65.23963397;1;1;[3 3 3 0 ] [2 2 1 ];7;128.6536753;349.371295;220.7176197;5;14;[2 3 3 3 3 3 ] [1 1 1 1 ];10;349.387998;693.2861363;343.8981383;9;13;[3 0 0 0 0 0 2 2 2 3 1 3 3 ] [3 0 0 2 2 ];18;693.3027743;901.5533327;208.2505584;4;13;[2 2 0 0 2 2 ] [3 3 3 3 ];10;901.5700277;959.9611163;58.3910886;1;2;[1 2 2 2 ] [3 3 3 3 ];8;959.9777733;1115.519853;155.5420797;4;4;[0 0 0 0 2 ] [1 1 3 3 3 ];10;1;1;0;1;1;1;1;1;0;1;1;1;63;1052.039119;47;19.33030169;4;2;3;1;1;INGENIERIA CIVIL INDUSTRIAL;3.8;5.8;6.4;5.3;5.4;2.2;7;4.72;5.4;4.9;A
170;*;*;*;*;151.8216467;250.26836;98.4467133;1;31;[] [2 2 2 2 2 1 1 ];7;250.28506;278.8362333;28.5511733;1;11;[2 3 3 3 3 3 0 0 ] [1 1 ];10;278.8529333;413.1518067;134.2988734;2;39;[0 3 0 0 0 0 2 3 ] [3 0 0 2 2 2 2 0 ];16;413.1685067;455.4961467;42.32764;1;2;[2 2 0 0 2 2 ] [3 3 3 3 ];10;455.5128267;486.1290933;30.6162666;1;3;[1 2 2 ] [3 3 3 3 3 ];8;486.1457933;529.7080733;43.56228;1;3;[2 2 0 0 ] [1 1 1 1 3 3 ];10;1;1;1;1;1;1;1;1;1;1;1;1;61;377.8029466;89;15.07972337;7;3;4;2;3;INGENIERIA EN COMPUTACION E INFORMATICA;6.1;6.4;6.2;6.1;1.5;1;7;4.27;6.4;4.9;A
227;*;*;*;*;40.51022467;111.7792657;71.26904103;2;5;[3 0 3 3 0 3 3 ] [];7;111.7959817;186.4937247;74.697743;2;15;[2 3 3 3 3 3 1 ] [1 1 1 1 1 1 0 ];14;186.5103857;293.7384763;107.2280906;2;12;[0 3 0 0 0 0 2 3 ] [3 0 0 2 2 2 2 0 ];16;293.7552073;326.4207797;32.6655724;1;2;[2 2 0 0 2 2 ] [3 3 3 3 ];10;326.4375327;370.961716;44.5241833;1;3;[1 2 2 2 ] [3 3 3 3 ];8;370.978426;415.2015853;44.2231593;2;5;[2 2 0 0 ] [1 1 1 1 3 3 ];10;1;0;1;1;1;1;1;1;1;1;1;1;65;374.6077896;42;12.8064068;7;4;4;1;2;INGENIERIA EN COMPUTACION E INFORMATICA;4.8;5.8;4.2;4.9;5.5;4;1;4.38;6;4.9;A
245;*;*;*;*;96.78465333;292.4963067;195.7116534;1;32;[3 3 3 0 3 3 0 1 2 1 0 1 3 0 ] [2 0 2 1 0 3 3 1 0 2 1 3 ];26;292.5129667;347.2686867;54.75572;1;9;[2 3 3 3 3 3 0 0 0 3 0 3 3 0 0 0 0 ] [3 3 ];19;347.2853667;420.2982267;73.01286;1;8;[3 0 0 0 0 0 0 2 3 1 3 3 3 3 1 1 ] [3 ];17;420.3149067;468.31244;47.9975333;1;8;[2 2 2 0 0 0 2 0 0 2 2 2 ] [3 ];13;468.3291;573.91584;105.58674;3;16;[1 2 2 2 2 2 2 2 2 2 2 ] [2 ];12;573.9325;651.44544;77.51294;1;7;[2 2 0 0 0 1 2 2 0 0 0 0 2 2 2 ] [2 2 2 ];18;0;0;0;0;0;0;0;0;0;1;1;0;105;554.5774467;80;23.24487272;10;6;4;4;3;INGENIERIA CIVIL INFORMATICA;6.4;5.2;4.9;4;2;5.9;5.5;4.88;5;4.9;A
293;*;*;*;*;36.28890933;82.167337;45.87842767;1;1;[3 3 3 0 ] [2 2 1 ];7;82.20067033;198.215016;116.0143457;2;4;[2 3 3 3 3 ] [1 1 1 1 2 ];10;198.230479;364.2492277;166.0187487;1;4;[3 0 0 0 0 0 0 2 3 ] [3 0 0 2 2 2 2 0 ];17;364.282561;466.3586093;102.0760483;2;5;[2 2 2 2 0 0 ] [3 3 3 3 ];10;466.3780563;544.9542433;78.576187;1;1;[1 2 2 1 1 ] [1 1 3 3 3 3 3 ];12;544.9875093;631.5483467;86.5608374;2;5;[2 2 0 0 2 ] [1 1 1 1 3 ];10;1;1;0;1;0;1;1;1;0;1;1;1;66;595.1245947;20;13.74539278;8;5;3;3;3;INGENIERIA CIVIL INDUSTRIAL;6.5;4.8;6.6;6;1;2.8;7;4.53;5.6;4.9;A
348;*;*;*;*;76.83818133;319.562613;242.7244317;3;33;[3 3 3 1 3 3 0 0 0 2 1 3 1 2 2 3 3 3 2 ] [2 1 1 ];22;319.579221;423.0352407;103.4560197;3;32;[2 3 3 3 3 3 3 3 3 0 0 0 2 2 3 2 ] [1 1 ];18;423.0518507;624.8834053;201.8315546;5;85;[1 0 3 2 ] [1 0 3 2 3 0 2 0 2 0 0 3 3 3 3 3 1 1 1 1 1 1 2 2 2 2 2 2 2 2 0 ];35;624.9167173;643.4891277;18.5724104;1;9;[2 2 2 2 2 2 2 0 0 2 ] [];10;643.5057857;693.1764123;49.6706266;2;17;[] [1 1 3 3 3 3 3 3 2 2 3 0 0 3 3 2 0 3 0 ];19;693.1930493;725.8571877;32.6641384;1;10;[2 2 0 0 0 0 2 2 2 2 0 0 ] [2 2 0 ];15;0;0;0;1;0;0;0;0;0;1;0;0;119;648.9191814;186;32.88088712;5;3;2;3;2;INGENIERIA EN COMPUTACION E INFORMATICA;4.7;5.7;5;5.1;1;5.7;5.5;4.68;5.4;4.9;A
413;*;*;*;*;62.712122;129.8786323;67.1665103;1;4;[0 0 3 3 3 1 1 3 ] [1 1 2 ];11;129.8953583;287.1680347;157.2726764;2;10;[2 3 3 3 3 3 0 ] [1 1 1 ];10;287.1848157;885.90864;598.7238243;3;21;[0 3 0 0 3 2 0 0 2 3 1 3 3 3 ] [2 3 0 2 0 2 0 1 ];22;885.925327;1117.503799;231.578472;3;24;[1 2 2 0 0 2 2 1 1 ] [1 1 3 3 3 3 0 1 ];17;1117.520404;1173.359437;55.839033;1;2;[1 2 2 2 2 2 2 2 ] [];8;1173.376;1299.448548;126.072548;1;9;[2 2 2 0 0 3 0 2 0 0 2 1 2 2 0 0 0 0 ] [];18;0;1;0;0;1;0;1;1;0;0;1;0;86;1236.653064;70;26.18568187;7;4;3;2;1;INGENIERIA CIVIL INDUSTRIAL;6.9;5.7;6.5;6.4;1;1;7;4.28;6.4;4.9;A
46;*;*;*;*;53.11372;193.40508;140.29136;1;2;[2 0 0 3 2 ] [2 2 2 2 2 2 ];11;193.41202;382.87266;189.46064;6;4;[2 3 3 3 3 3 ] [1 1 1 1 ];10;382.87962;687.95562;305.076;8;20;[3 0 0 0 0 0 2 3 ] [3 0 0 2 2 2 2 0 ];16;687.96256;723.3816;35.41904;1;3;[2 2 2 2 0 0 ] [3 3 3 3 ];10;723.38856;748.07036;24.6818;1;2;[1 2 2 ] [3 3 3 3 3 ];8;748.0773;786.88418;38.80688;1;3;[2 2 0 0 ] [1 1 1 1 3 3 ];10;0;1;1;1;1;1;1;1;1;1;1;1;65;733.73572;34;15.78127218;8;6;4;1;1;INGENIERIA EN COMPUTACION E INFORMATICA;6.4;6.4;5.4;6.1;6.5;1;7;4.96;5;5;A
57;*;*;*;*;57.42370953;170.5470474;113.1233379;1;11;[3 3 3 3 0 ] [2 2 1 3 ];9;170.5638992;242.9087996;72.3449004;1;13;[2 3 3 3 3 3 3 ] [1 1 1 1 3 ];12;242.9258283;609.5967333;366.670905;4;26;[3 0 0 0 0 0 2 3 2 3 1 3 3 3 3 1 0 1 1 ] [3 2 3 ];22;609.6139756;673.8030501;64.1890745;1;4;[3 3 2 2 2 2 2 2 2 0 0 ] [3 ];12;673.8199088;758.5675323;84.7476235;1;5;[1 1 1 2 2 2 2 2 2 2 0 ] [2 1 3 ];14;758.584107;840.4490194;81.8649124;1;3;[0 0 0 0 2 2 2 2 0 0 ] [2 3 ];12;0;0;0;0;0;0;1;1;0;1;1;1;81;782.9407537;62;20.52113795;7;4;4;2;2;INGENIERIA CIVIL INDUSTRIAL;6.2;7;6.2;6.2;1;6.3;1;5.02;5;5;A
69;*;*;*;*;111.1610227;208.174815;97.0137923;1;5;[0 3 3 3 1 ] [1 2 1 2 ];9;208.191515;356.861525;148.67001;2;9;[2 3 0 3 3 3 3 0 ] [1 1 2 2 3 3 1 ];15;356.878252;1437.694054;1080.815802;6;66;[0 3 3 2 1 0 0 0 0 0 2 2 3 1 1 1 1 1 3 3 3 3 3 3 2 2 ] [3 0 0 2 0 0 3 3 3 3 3 1 1 1 1 1 1 2 2 2 ];46;1437.710723;1789.289957;351.579234;1;31;[2 2 2 2 0 0 3 3 1 1 1 1 2 2 2 0 0 2 2 ] [1 3 3 3 3 3 3 3 1 3 2 0 0 3 2 1 1 ];36;1789.306602;1887.0202;97.713598;1;12;[1 2 2 1 1 2 2 2 2 2 0 1 ] [1 1 ];14;1887.036956;2007.146006;120.10905;1;19;[2 2 0 0 3 2 2 2 2 3 2 ] [2 2 2 2 1 1 1 1 3 3 3 3 2 ];24;0;0;0;0;0;0;1;1;0;0;1;0;144;1895.901486;142;46.19991073;5;4;2;2;2;INGENIERIA CIVIL INDUSTRIAL;5.2;6;5.8;5.7;3.3;3.3;1;4.25;6.6;5;A
89;*;*;*;*;18.25750733;91.25413533;72.996628;1;7;[3 3 3 3 0 0 3 ] [0 ];8;91.27078933;146.4761913;55.20540197;2;9;[2 3 3 3 3 3 ] [1 1 1 1 ];10;146.4928873;259.4190813;112.926194;2;16;[0 3 0 0 0 0 2 3 ] [3 0 0 2 2 2 2 0 ];16;259.4357493;306.9285127;47.4927634;1;2;[2 2 0 0 2 2 ] [3 0 3 3 3 ];11;306.9451817;348.140991;41.1958093;1;4;[1 2 2 2 3 ] [3 3 3 3 3 ];10;348.157666;387.071322;38.913656;1;3;[2 2 0 0 2 2 ] [1 1 1 1 ];10;0;1;1;0;0;1;1;1;1;1;1;1;65;368.7304527;41;12.68842576;9;5;4;3;3;INGENIERIA EN COMPUTACION E INFORMATICA;6.4;5.9;6.8;6.4;6;1;7;5.03;5;5;A
102;*;*;*;*;27.09774833;73.57653733;46.478789;1;7;[0 3 3 3 0 3 3 ] [];7;73.60983333;201.1653367;127.5555034;2;18;[2 3 3 3 3 3 2 2 2 ] [1 1 1 1 2 2 2 ];16;201.1821897;301.7404343;100.5582446;3;12;[0 3 0 0 0 0 2 3 ] [3 0 0 2 2 2 2 1 0 0 ];18;301.7572483;366.1185183;64.36127;1;5;[2 2 0 0 2 2 1 ] [3 1 1 3 3 3 0 ];14;366.1351903;432.0464783;65.911288;1;4;[1 2 2 1 1 ] [1 1 3 3 3 3 3 ];12;432.0631453;482.7085993;50.645454;3;8;[2 2 0 0 2 2 0 ] [1 1 1 ];10;1;0;0;0;0;1;1;1;0;1;1;1;77;455.510549;54;16.23437027;11;7;5;3;3;INGENIERIA INDUSTRIAL;6.6;5.2;3.6;5.1;4;4.8;7;5.06;5.1;5.1;A